spell_id,spell_name_dbc,spell_name_doc,dungeon_slug,boss_or_mob,source_npc_entry,mechanic_class,interruptible,dispel_type,target_pattern,priority,avoid_radius_y,school,attributes,effect_summary,tc_citation,status,doc_unverified,notes,doc_source
75272,Quake,Quake,blackrock-caverns,rom_ogg_bonecrusher,39665,interrupt,yes,none,pbaoe_self,MUST_INTERRUPT,,physical,262144,E1=77/A0 E0=6/A3,boss_romogg_bonecrusher.cpp:45,verified,yes,DBC + TC script confirm,docs/dungeons/blackrock-caverns/encounter.md:148
75539,Chains of Woe,Chains of Woe,blackrock-caverns,rom_ogg_bonecrusher,39665,info,no,none,pbaoe_pull,,,physical,262144,E0=28/A0,boss_romogg_bonecrusher.cpp:44,verified,yes,DBC + TC script confirm,docs/dungeons/blackrock-caverns/encounter.md:162
75543,The Skullcracker,Skullcracker,blackrock-caverns,rom_ogg_bonecrusher,39665,avoidable,no,none,pbaoe_self,GROUP_STACK,,shadow,262144,E0=64/A0,boss_romogg_bonecrusher.cpp:46,verified,yes,DBC + TC script confirm,docs/dungeons/blackrock-caverns/encounter.md:174
,,Wounding Strike,blackrock-caverns,rom_ogg_bonecrusher,39665,info,no,,tank,,,,,,,placeholder,yes,non-numeric spell_id ('UNVERIFIED'),docs/dungeons/blackrock-caverns/encounter.md:188
,,Call Bonecrushers,blackrock-caverns,rom_ogg_bonecrusher,39665,info,no,,ground_random_corners,,,,,,,skipped,no,doc marker SKIPPED-AWAITING-INGAME,docs/dungeons/blackrock-caverns/encounter.md:195
75610,Evolution,Evolution (drakonid → Corla beam),blackrock-caverns,corla_herald_of_twilight,39679,info,no,none,corla (line-of-sight from drakonid to boss),,,shadow,0,E0=140/A0,boss_corla_herald_of_twilight.cpp:44,verified,yes,DBC + TC script confirm,docs/dungeons/blackrock-caverns/encounter.md:267
75732,Twilight Evolution,Twilight Evolution (debuff on intercepter),blackrock-caverns,corla_herald_of_twilight,39679,avoidable,no,none,ally_in_beam,SELF_MANAGED_POSITIONING,,physical,2684354560,E2=6/A133 E1=6/A177 E0=6/A56,boss_corla_herald_of_twilight.cpp:47,verified,no,DBC + TC script confirm,docs/dungeons/blackrock-caverns/encounter.md:277
75823,Dark Command,Dark Command (Corla auto-attack),blackrock-caverns,corla_herald_of_twilight,39679,info,no,,tank,,,shadow,0,E1=6/A3 E0=6/A7,boss_corla_herald_of_twilight.cpp:69,verified,yes,DBC + TC script confirm,docs/dungeons/blackrock-caverns/encounter.md:290
75842,Quicksilver Armor,Quicksilver Armor,blackrock-caverns,karsh_steelbender,39698,info,no,none,self,TANK_KITE_TRIGGER,,physical,0,E0=6/A87,boss_karsh_steelbender.cpp:44,verified,yes,DBC + TC script confirm,docs/dungeons/blackrock-caverns/encounter.md:360
,,Cinderbreath,blackrock-caverns,karsh_steelbender,39698,avoidable,no,none,frontal_cone,,,,,,,skipped,no,doc marker SKIPPED-AWAITING-INGAME,docs/dungeons/blackrock-caverns/encounter.md:377
,,Searing Lava (central plume),blackrock-caverns,karsh_steelbender,39698,avoidable,no,none,ground_center_plume,,,,,,,skipped,no,doc marker SKIPPED-AWAITING-INGAME,docs/dungeons/blackrock-caverns/encounter.md:390
76030,Berserker Charge,Berserker Charge,blackrock-caverns,beauty,39700,avoidable,no,none,ally_random,,,physical,16,E2=2/A0 E1=98/A0 E0=96/A0,boss_beauty.cpp:39,verified,yes,DBC + TC script confirm,docs/dungeons/blackrock-caverns/encounter.md:473
76028,Terrifying Roar,Terrifying Roar,blackrock-caverns,beauty,39700,info,no,none,pbaoe_self,,,physical,16,E0=6/A7,boss_beauty.cpp:38,verified,yes,DBC + TC script confirm,docs/dungeons/blackrock-caverns/encounter.md:484
76032,Flamebreak,Flamebreak,blackrock-caverns,beauty,39700,avoidable,no,,pbaoe_self,,,fire,65536,E1=98/A0 E0=2/A0,boss_beauty.cpp:41,verified,yes,DBC + TC script confirm,docs/dungeons/blackrock-caverns/encounter.md:502
,,Magma Spit (Lucky? UNVERIFIED),blackrock-caverns,beauty,39700,interrupt,yes,,ally_random,,,,,,,placeholder,yes,non-numeric spell_id ('UNVERIFIED'),docs/dungeons/blackrock-caverns/encounter.md:513
,,Little Big Flame Breath (Buster? UNVERIFIED),blackrock-caverns,beauty,39700,info,no,,frontal_cone,,,,,,,placeholder,yes,non-numeric spell_id ('UNVERIFIED'),docs/dungeons/blackrock-caverns/encounter.md:521
,,Magma Trail (Spot? UNVERIFIED),blackrock-caverns,beauty,39700,info,no,,behind_pup_movement,,,,,,,placeholder,yes,non-numeric spell_id ('UNVERIFIED'),docs/dungeons/blackrock-caverns/encounter.md:527
76188,Twilight Corruption,Twilight Corruption (debuff on tank),blackrock-caverns,ascendant_lord_obsidius,39705,info,no,none,tank,,,shadow,0,E0=6/A3,boss_ascendant_lord_obsidius.cpp:53,verified,yes,DBC + TC script confirm,docs/dungeons/blackrock-caverns/encounter.md:586
76189,Crepuscular Veil,Crepuscular Veil (debuff on player),blackrock-caverns,ascendant_lord_obsidius,39705,dispel,no,magic,ally_random_non_tank,,,shadow,0,E0=6/A118,,unbound,no,DBC name matches but no TC script casts the ID,docs/dungeons/blackrock-caverns/encounter.md:597
,,Clone activation (Shadow of Obsidius rotation),blackrock-caverns,ascendant_lord_obsidius,39705,info,no,,,,,,,,,placeholder,yes,non-numeric spell_id ('UNVERIFIED'),docs/dungeons/blackrock-caverns/encounter.md:611
76686,Shadow Prison,Shadow Prison / shadow puddles,blackrock-caverns,ascendant_lord_obsidius,39705,info,no,,ground_around_clone,,,shadow,0,E1=3/A0 E0=6/A226,,unbound,no,DBC name matches but no TC script casts the ID,docs/dungeons/blackrock-caverns/encounter.md:622
,,melee (when activated as primary),blackrock-caverns,Twilight Drakonid (final hallway),39705,info,no,,,,,,,,,placeholder,no,"non-numeric spell_id ('75476,')",docs/dungeons/blackrock-caverns/encounter.md:682
101626,Pulverize,Pulverize,end-time,echo_of_baine,54431,avoidable,no,none,ranged_random,PLATFORM_ROTATION_TRIGGER,,physical,0,E0=42/A0,,unbound,yes,DBC name matches but no TC script casts the ID,docs/dungeons/end-time/encounter.md:226
101836,Molten Axe,Molten Axe,end-time,echo_of_baine,54431,avoidable,no,none,self_buff,,,fire,256,E0=6/A42,,unbound,no,DBC name matches but no TC script casts the ID,docs/dungeons/end-time/encounter.md:243
101614,Throw Totem,Throw Totem,end-time,echo_of_baine,54431,info,no,none,random_player,BOT_REACTIVE_INTERACTION,,physical,2097152,E2=28/A0 E1=98/A0 E0=2/A0,,unbound,yes,DBC name matches but no TC script casts the ID,docs/dungeons/end-time/encounter.md:258
101809,Pyroblast,Pyroblast,end-time,echo_of_jaina,54445,interrupt,yes,none,tank,MUST_INTERRUPT_PRIMARY,,fire,65536,E1=6/A3 E0=2/A0,boss_echo_of_jaina.cpp:34,verified,yes,DBC + TC script confirm,docs/dungeons/end-time/encounter.md:350
101810,Frostbolt Volley,Frostbolt Volley,end-time,echo_of_jaina,54445,interrupt,yes,magic,pbaoe_self_65y,MUST_INTERRUPT_SECONDARY,,frost,65536,E1=6/A33 E0=2/A0,boss_echo_of_jaina.cpp:35,verified,yes,DBC + TC script confirm,docs/dungeons/end-time/encounter.md:364
101810,Frostbolt Volley,Frostbolt Volley,end-time,echo_of_jaina,54445,dispel,yes,magic,pbaoe_self_65y,MUST_INTERRUPT_SECONDARY,,frost,65536,E1=6/A33 E0=2/A0,boss_echo_of_jaina.cpp:35,verified,yes,DBC + TC script confirm,docs/dungeons/end-time/encounter.md:364
101927,Flarecore,Flarecore,end-time,echo_of_jaina,54445,avoidable,no,none,ground_orbs,DESIGNATED_DETONATOR_REACTIVE,,fire,536870912,E0=32/A0,,unbound,yes,DBC name matches but no TC script casts the ID,docs/dungeons/end-time/encounter.md:377
101339,Frost Blades,Frost Blades,end-time,echo_of_jaina,54445,avoidable,no,none,forward_cone,,,physical,0,E0=28/A0,boss_echo_of_jaina.cpp:38,verified,yes,DBC + TC script confirm,docs/dungeons/end-time/encounter.md:395
101812,Blink,Blink,end-time,echo_of_jaina,54445,info,no,none,self_teleport,,,nature,65536,E2=6/A77 E1=6/A77 E0=29/A0,boss_echo_of_jaina.cpp:36,verified,yes,DBC + TC script confirm,docs/dungeons/end-time/encounter.md:407
,,melee,end-time,echo_of_jaina,54445,info,no,,tank,,,,,,,placeholder,no,"non-numeric spell_id ('101810,')",docs/dungeons/end-time/encounter.md:445
,,Calling of the Highborne,end-time,echo_of_sylvanas,54123,info,no,none,pbaoe_self_pull,GROUP_FOCUS_TARGET_SHIFT,,,,,,placeholder,yes,non-numeric spell_id ('UNVERIFIED'),docs/dungeons/end-time/encounter.md:495
,,Black Arrow,end-time,echo_of_sylvanas,54123,avoidable,no,none,random_player,,,,,,,placeholder,yes,non-numeric spell_id ('UNVERIFIED'),docs/dungeons/end-time/encounter.md:515
,,Unholy Shot,end-time,echo_of_sylvanas,54123,avoidable,no,none,random_player,,,,,,,placeholder,yes,non-numeric spell_id ('UNVERIFIED'),docs/dungeons/end-time/encounter.md:527
,,Shriek of the Highborne,end-time,echo_of_sylvanas,54123,dispel,no,magic,random_player,DISPEL_HIGH_BEFORE_CALLING,,,,,,placeholder,yes,non-numeric spell_id ('UNVERIFIED'),docs/dungeons/end-time/encounter.md:539
,,Blighted Arrows,end-time,echo_of_sylvanas,54123,avoidable,no,none,ground_runes,,,,,,,placeholder,yes,non-numeric spell_id ('UNVERIFIED'),docs/dungeons/end-time/encounter.md:551
,,Wracking Pain (ghoul aura),end-time,echo_of_sylvanas,54123,avoidable,no,none,ground_links_and_shadows,,,,,,,placeholder,yes,non-numeric spell_id ('UNVERIFIED'),docs/dungeons/end-time/encounter.md:562
,,Sacrifice (ghoul fail-state),end-time,echo_of_sylvanas,54123,avoidable,no,none,,,,,,,,placeholder,yes,non-numeric spell_id ('UNVERIFIED'),docs/dungeons/end-time/encounter.md:573
,,Risen Ghoul,end-time,echo_of_sylvanas,54123,info,no,,,,,,,,,placeholder,yes,"non-numeric spell_id ('UNVERIFIED,')",docs/dungeons/end-time/encounter.md:614
102173,Stardust,Stardust,end-time,echo_of_tyrande,54544,interrupt,yes,none,pbaoe_60y,MUST_INTERRUPT_TOP_PRIORITY,,arcane,0,E0=2/A0,,unbound,yes,DBC name matches but no TC script casts the ID,docs/dungeons/end-time/encounter.md:674
102193,Moonbolt,Moonbolt,end-time,echo_of_tyrande,54544,info,no,none,tank,MUST_INTERRUPT_SECONDARY (try if Stardust on cd),,arcane,0,E0=2/A0,,unbound,yes,DBC name matches but no TC script casts the ID,docs/dungeons/end-time/encounter.md:691
102149,Moonlance,Moonlance,end-time,echo_of_tyrande,54544,avoidable,no,none,ground_lance,,,arcane,150994944,E1=6/A12 E0=2/A0,,unbound,yes,DBC name matches but no TC script casts the ID,docs/dungeons/end-time/encounter.md:703
102414,Dark Moonlight,Dark Moonlight,end-time,echo_of_tyrande,54544,avoidable,no,unverified,15y_radius_around_boss,HEALER_POSITIONAL_OVERRIDE,,arcane,218103808,E1=64/A0 E0=27/A65,,unbound,yes,DBC name matches but no TC script casts the ID,docs/dungeons/end-time/encounter.md:715
102414,Dark Moonlight,Dark Moonlight,end-time,echo_of_tyrande,54544,dispel,no,unverified,15y_radius_around_boss,HEALER_POSITIONAL_OVERRIDE,,arcane,218103808,E1=64/A0 E0=27/A65,,unbound,yes,DBC name matches but no TC script casts the ID,docs/dungeons/end-time/encounter.md:715
33589,Lunar Guidance,Lunar Guidance,end-time,echo_of_tyrande,54544,dispel,no,unverified,self_buff,,,physical,464,E0=6/A107,,unbound,yes,DBC name matches but no TC script casts the ID,docs/dungeons/end-time/encounter.md:727
102241,Tears of Elune,Tears of Elune,end-time,echo_of_tyrande,54544,avoidable,no,none,ground_player_feet,,,arcane,2298478592,E1=64/A0 E0=6/A23,,unbound,yes,DBC name matches but no TC script casts the ID,docs/dungeons/end-time/encounter.md:739
,,Eyes of the Goddess / Piercing Gaze of Elune,end-time,echo_of_tyrande,54544,avoidable,no,none,mobile_silence_orb,,,,,,,placeholder,yes,non-numeric spell_id ('UNVERIFIED'),docs/dungeons/end-time/encounter.md:751
,,Infinite Breath,end-time,echo_of_murozond,54432,avoidable,no,none,frontal_cone,,,,,,,placeholder,yes,non-numeric spell_id ('UNVERIFIED'),docs/dungeons/end-time/encounter.md:843
,,Temporal Blast,end-time,echo_of_murozond,54432,dispel,no,magic,pbaoe_self,,,,,,,placeholder,yes,non-numeric spell_id ('UNVERIFIED'),docs/dungeons/end-time/encounter.md:856
,,Distortion Bomb,end-time,echo_of_murozond,54432,avoidable,no,none,ranged_random_player_location,GROUND_PATCH_AWARENESS,,,,,,placeholder,yes,non-numeric spell_id ('UNVERIFIED'),docs/dungeons/end-time/encounter.md:872
,,Tail Sweep,end-time,echo_of_murozond,54432,avoidable,no,none,rear_cone,,,,,,,placeholder,yes,non-numeric spell_id ('UNVERIFIED'),docs/dungeons/end-time/encounter.md:890
,,Hourglass of Time,end-time,echo_of_murozond,54432,info,no,,,BOT_REACTIVE_INTERACTION,,,,,,placeholder,yes,non-numeric spell_id ('UNVERIFIED'),docs/dungeons/end-time/encounter.md:915
,,Hourglass of Time,end-time,echo_of_murozond,54432,info,no,,,BOT_REACTIVE_INTERACTION,,,,,,placeholder,yes,"non-numeric spell_id ('UNVERIFIED,')",docs/dungeons/end-time/encounter.md:970
,,Hourglass of Time,end-time,echo_of_murozond,54432,info,no,,,BOT_REACTIVE_INTERACTION,,,,,,placeholder,yes,"non-numeric spell_id ('UNVERIFIED,')",docs/dungeons/end-time/encounter.md:1005
,,Hourglass of Time,end-time,echo_of_murozond,54432,info,no,,,BOT_REACTIVE_INTERACTION,,,,,,placeholder,yes,"non-numeric spell_id ('UNVERIFIED,')",docs/dungeons/end-time/encounter.md:1007
,,Hourglass of Time,end-time,echo_of_murozond,54432,info,no,,,BOT_REACTIVE_INTERACTION,,,,,,placeholder,no,"non-numeric spell_id ('101810,')",docs/dungeons/end-time/encounter.md:1008
74846,Bleeding Wound,Bleeding Wound,grim-batol,general_umbriss,39625,info,no,none,tank,TANK_HEAL_PRIORITY,,physical,262160,E1=6/A3 E0=58/A0,boss_general_umbriss.cpp:34,verified,no,DBC + TC script confirm,docs/dungeons/grim-batol/encounter.md:165
74670,Blitz,Blitz,grim-batol,general_umbriss,39625,avoidable,no,none,ally_random_non_tank,,,physical,0,E1=32/A0 E0=149/A0,boss_general_umbriss.cpp:36,verified,no,DBC + TC script confirm,docs/dungeons/grim-batol/encounter.md:180
74634,Ground Siege,Ground Siege,grim-batol,general_umbriss,39625,avoidable,no,none,pbaoe_self,,,physical,2097152,E2=2/A0 E1=6/A12 E0=3/A0,boss_general_umbriss.cpp:38,verified,no,DBC + TC script confirm,docs/dungeons/grim-batol/encounter.md:194
96800,Frenzy,Frenzy,grim-batol,general_umbriss,39625,dispel,no,unverified,self,TANK_DEFENSIVE_CD_TRIGGER,,arcane,262144,E1=6/A61 E0=6/A138,,unbound,no,DBC name matches but no TC script casts the ID,docs/dungeons/grim-batol/encounter.md:206
74859,Summon Skardyn,Summon Skardyn,grim-batol,general_umbriss,39625,info,no,,,,,physical,256,E0=61/A0,boss_general_umbriss.cpp:39,verified,no,DBC + TC script confirm,docs/dungeons/grim-batol/encounter.md:218
74699,Modgud's Malice,Modgud's Malice,grim-batol,Ambient Twilight Hatchling,39625,info,no,,pbaoe_self_on_death,KILL_AWAY_FROM_BOSS,,shadow,0,E1=3/A0 E0=6/A61,boss_general_umbriss.cpp:45,verified,no,DBC + TC script confirm,docs/dungeons/grim-batol/encounter.md:232
74837,Modgud's Malady,Modgud's Malady,grim-batol,Ambient Twilight Hatchling,39625,info,no,,melee_target,,,shadow,159383552,E1=6/A33 E0=6/A3,boss_general_umbriss.cpp:44,verified,no,DBC + TC script confirm,docs/dungeons/grim-batol/encounter.md:241
76507,Claw Puncture,Claw Puncture,grim-batol,Ambient Twilight Hatchling,39625,info,no,,,,,physical,0,E0=6/A3,boss_general_umbriss.cpp:43,verified,no,DBC + TC script confirm,docs/dungeons/grim-batol/encounter.md:246
76507,Claw Puncture,Claw Puncture,grim-batol,Ambient Twilight Hatchling,39625,info,no,,,,,physical,0,E0=6/A3,boss_general_umbriss.cpp:43,verified,no,DBC + TC script confirm,docs/dungeons/grim-batol/encounter.md:258
74984,Mighty Stomp,Mighty Stomp,grim-batol,forgemaster_throngus,40177,info,no,none,pbaoe_telegraph,,,physical,0,E0=140/A0,boss_forgemaster_throngus.cpp:35,verified,no,DBC + TC script confirm,docs/dungeons/grim-batol/encounter.md:324
74987,Cave In,Cave In,grim-batol,forgemaster_throngus,40177,avoidable,no,none,random_player_locations,,,physical,0,E0=27/A4,boss_forgemaster_throngus.cpp:50,verified,no,DBC + TC script confirm,docs/dungeons/grim-batol/encounter.md:335
74976,Disorienting Roar,Disorienting Roar,grim-batol,forgemaster_throngus,40177,dispel,no,unverified,pbaoe_self,,,physical,0,E0=6/A252,boss_forgemaster_throngus.cpp:43,verified,no,DBC + TC script confirm,docs/dungeons/grim-batol/encounter.md:348
74981,Dual Blades,Dual Blades,grim-batol,forgemaster_throngus,40177,info,no,,self,,,physical,0,E2=6/A79 E1=6/A42 E0=6/A54,boss_forgemaster_throngus.cpp:42,verified,no,DBC + TC script confirm,docs/dungeons/grim-batol/encounter.md:360
47480,Thrash,Thrash,grim-batol,forgemaster_throngus,40177,info,no,,self,,,physical,262160,E0=2/A0,,unbound,no,DBC name matches but no TC script casts the ID,docs/dungeons/grim-batol/encounter.md:368
74908,Personal Phalanx,Personal Phalanx,grim-batol,forgemaster_throngus,40177,info,no,,self,,,physical,262144,E2=6/A25 E1=6/A26 E0=6/A23,boss_forgemaster_throngus.cpp:37,verified,no,DBC + TC script confirm,docs/dungeons/grim-batol/encounter.md:377
45101,Flaming Arrow,Flaming Arrow,grim-batol,forgemaster_throngus,40177,avoidable,no,,random_floor_patch,,,fire,5308434,E0=3/A0,,unbound,no,DBC name matches but no TC script casts the ID,docs/dungeons/grim-batol/encounter.md:389
75007,Encumbered,Encumbered,grim-batol,forgemaster_throngus,40177,info,no,,self,,,physical,0,E1=6/A33 E0=6/A79,boss_forgemaster_throngus.cpp:45,verified,no,DBC + TC script confirm,docs/dungeons/grim-batol/encounter.md:401
75057,Impaling Slam,Impaling Slam,grim-batol,forgemaster_throngus,40177,dispel,no,unverified,random_ally,,,physical,272,E0=6/A236,,unbound,no,DBC name matches but no TC script casts the ID,docs/dungeons/grim-batol/encounter.md:409
,,Lava Patch (Mace stance fire trail),grim-batol,forgemaster_throngus,40177,avoidable,no,,ground_behind_boss,,,,,,,placeholder,yes,non-numeric spell_id ('UNVERIFIED'),docs/dungeons/grim-batol/encounter.md:420
75245,Burning Shadowbolt,Burning Shadowbolt,grim-batol,drahga_shadowburner,40319,info,no,none,ally_random_or_tank,,,fire+shadow,0,E0=2/A0,boss_drahga_shadowburner.cpp:35,verified,no,DBC + TC script confirm,docs/dungeons/grim-batol/encounter.md:532
75218,Invocation of Flame,Invocation of Flame,grim-batol,drahga_shadowburner,40319,info,no,none,ground_marker_then_summon,,,physical,256,E1=3/A0 E0=28/A0,boss_drahga_shadowburner.cpp:37,verified,no,DBC + TC script confirm,docs/dungeons/grim-batol/encounter.md:544
75238,Supernova,Supernova,grim-batol,drahga_shadowburner,40319,avoidable,no,,pbaoe_self,,,fire,8388608,E2=6/A3 E1=77/A0 E0=2/A0,,unbound,no,DBC name matches but no TC script casts the ID,docs/dungeons/grim-batol/encounter.md:555
75271,Shredding Swipe,Shredding Swipe,grim-batol,drahga_shadowburner,40319,avoidable,no,,frontal_cone,,,physical,2097156,E1=28/A0 E0=31/A0,boss_drahga_shadowburner.cpp:48,verified,no,DBC + TC script confirm,docs/dungeons/grim-batol/encounter.md:569
75317,Seeping Twilight,Seeping Twilight,grim-batol,drahga_shadowburner,40319,avoidable,no,unverified,random_player_location,,,shadow,0,E1=2/A0 E0=6/A33,,unbound,no,DBC name matches but no TC script casts the ID,docs/dungeons/grim-batol/encounter.md:580
75317,Seeping Twilight,Seeping Twilight,grim-batol,drahga_shadowburner,40319,dispel,no,unverified,random_player_location,,,shadow,0,E1=2/A0 E0=6/A33,,unbound,no,DBC name matches but no TC script casts the ID,docs/dungeons/grim-batol/encounter.md:580
,,Devouring Flames,grim-batol,drahga_shadowburner,40319,avoidable,no,,frontal_cone_random_direction,,,,,,,placeholder,yes,non-numeric spell_id ('UNVERIFIED'),docs/dungeons/grim-batol/encounter.md:594
79466,Binding Shadows,Binding Shadows,grim-batol,erudax_duke_of_below,40484,avoidable,no,magic,ally_random_ranged,,,shadow,0,E0=32/A0,boss_erudax.cpp:36,verified,no,DBC + TC script confirm,docs/dungeons/grim-batol/encounter.md:706
79466,Binding Shadows,Binding Shadows,grim-batol,erudax_duke_of_below,40484,dispel,no,magic,ally_random_ranged,,,shadow,0,E0=32/A0,boss_erudax.cpp:36,verified,no,DBC + TC script confirm,docs/dungeons/grim-batol/encounter.md:706
75789,Enfeebling Blow,Enfeebling Blow,grim-batol,erudax_duke_of_below,40484,info,no,none,tank,,,shadow,2097156,E2=64/A0 E1=98/A0 E0=31/A0,boss_erudax.cpp:58,verified,no,DBC + TC script confirm,docs/dungeons/grim-batol/encounter.md:722
75792,Feeble Body,Feeble Body,grim-batol,erudax_duke_of_below,40484,dispel,no,unverified,tank,TANK_WAIT_OUT_BEFORE_RE_ENGAGE,,shadow,2097152,E0=6/A87,,unbound,no,DBC name matches but no TC script casts the ID,docs/dungeons/grim-batol/encounter.md:734
75694,Shadow Gale,Shadow Gale,grim-batol,erudax_duke_of_below,40484,avoidable,no,none,room_wide,GROUP_COLLAPSE_TO_SAFE_ZONE,,shadow,0,E0=6/A31,,unbound,no,DBC name matches but no TC script casts the ID,docs/dungeons/grim-batol/encounter.md:747
75520,Twilight Corruption,Twilight Corruption,grim-batol,Ambient Twilight Hatchling,40484,info,no,,alexstraszas_egg,PREVENT_CAST_VIA_KILL_OR_SLOW,,physical,2048,E0=6/A23,boss_erudax.cpp:49,verified,no,DBC + TC script confirm,docs/dungeons/grim-batol/encounter.md:785
75809,Shield of Nightmares,Shield of Nightmares,grim-batol,Ambient Twilight Hatchling,40484,dispel,no,magic,self,,,shadow,2048,E0=6/A42,boss_erudax.cpp:40,verified,no,DBC + TC script confirm,docs/dungeons/grim-batol/encounter.md:793
75763,Umbral Mending,Umbral Mending,grim-batol,Ambient Twilight Hatchling,40484,interrupt,yes,,ally_radius_100yd,MUST_INTERRUPT,,shadow,0,E0=136/A0,boss_erudax.cpp:50,verified,no,DBC + TC script confirm,docs/dungeons/grim-batol/encounter.md:805
75755,Siphon Essence,Siphon Essence,grim-batol,Ambient Twilight Hatchling,40484,info,no,,alexstraszas_egg_radius,ATTEMPT_INTERRUPT,,shadow,0,E0=6/A53,boss_erudax.cpp:51,verified,no,DBC + TC script confirm,docs/dungeons/grim-batol/encounter.md:814
99393,Twilight Blast,Twilight Blast,grim-batol,Ambient Twilight Hatchling,40484,info,no,,ranged_or_aoe,,,shadow,589824,E1=6/A33 E0=2/A0,,unbound,no,DBC name matches but no TC script casts the ID,docs/dungeons/grim-batol/encounter.md:836
,,Alexstrasza's Egg,grim-batol,erudax_duke_of_below,40484,info,no,,,,,,,,,placeholder,no,"non-numeric spell_id ('75809,')",docs/dungeons/grim-batol/encounter.md:877
,,Alexstrasza's Egg,grim-batol,erudax_duke_of_below,40484,info,no,,,,,,,,,placeholder,no,"non-numeric spell_id ('79466,')",docs/dungeons/grim-batol/encounter.md:878
,,Alexstrasza's Egg,grim-batol,erudax_duke_of_below,40484,info,no,,,,,,,,,placeholder,no,"non-numeric spell_id ('79466,')",docs/dungeons/grim-batol/encounter.md:905
,,Alexstrasza's Egg,grim-batol,erudax_duke_of_below,40484,info,no,,,,,,,,,placeholder,no,"non-numeric spell_id ('75809,')",docs/dungeons/grim-batol/encounter.md:907
63710,Void Barrier,Void Barrier,halls-of-origination,Void Sentinel (trash form),,info,no,,,,,shadow,0,E0=6/A40,,unbound,yes,DBC name matches but no TC script casts the ID,docs/dungeons/halls-of-origination/encounter.md:99
75117,Burning Light,Burning Light,halls-of-origination,temple_guardian_anhuur,39425,avoidable,no,none,ground_random,MOVE_OUT,4,holy,0,E0=2/A0,,unbound,no,DBC name matches but no TC script casts the ID,docs/dungeons/halls-of-origination/encounter.md:180
75592,Divine Reckoning,Divine Reckoning,halls-of-origination,temple_guardian_anhuur,39425,avoidable,no,magic,ally_random,MAGIC_DISPEL_HIGH,7,holy+arcane,0,E0=6/A226,boss_temple_guardian_anhuur.cpp:60;boss_temple_guardian_anhuur.cpp:326,verified,no,DBC + TC script confirm,docs/dungeons/halls-of-origination/encounter.md:194
75592,Divine Reckoning,Divine Reckoning,halls-of-origination,temple_guardian_anhuur,39425,dispel,no,magic,ally_random,MAGIC_DISPEL_HIGH,7,holy+arcane,0,E0=6/A226,boss_temple_guardian_anhuur.cpp:60;boss_temple_guardian_anhuur.cpp:326,verified,no,DBC + TC script confirm,docs/dungeons/halls-of-origination/encounter.md:194
80747,Shield of Light,Shield of Light,halls-of-origination,temple_guardian_anhuur,39425,info,no,none,self,,,physical,0,E2=6/A77 E1=6/A77 E0=6/A69,,unbound,no,DBC name matches but no TC script casts the ID,docs/dungeons/halls-of-origination/encounter.md:212
75322,Reverberating Hymn,Reverberating Hymn,halls-of-origination,temple_guardian_anhuur,39425,info,no,none,pbaoe_self,AOE_HEAL_PRESSURE,,holy,2048,E0=6/A23,boss_temple_guardian_anhuur.cpp:64;boss_temple_guardian_anhuur.cpp:364,verified,no,DBC + TC script confirm,docs/dungeons/halls-of-origination/encounter.md:223
74538,Poison-tipped Fangs,Pit Viper Poison-tipped Fangs,halls-of-origination,temple_guardian_anhuur,39425,dispel,no,poison,closest_player,,,nature,0,E0=6/A3,,unbound,no,DBC name matches but no TC script casts the ID,docs/dungeons/halls-of-origination/encounter.md:239
,,Beacon of Light (interactable),halls-of-origination,temple_guardian_anhuur,39425,info,no,,ground_object_lever,,,,,,,placeholder,yes,non-numeric spell_id ('UNVERIFIED'),docs/dungeons/halls-of-origination/encounter.md:248
,,Poison-tipped Fangs (74538),halls-of-origination,Anubisath / caster trash,39425,info,no,,,,,,,,,placeholder,no,"non-numeric spell_id ('75592,')",docs/dungeons/halls-of-origination/encounter.md:295
75540,Flame Bolt,Flame Bolt,halls-of-origination,earthrager_ptah,39428,interrupt,yes,none,ally_random,KICK_AVAILABLE,,fire,327696,E0=2/A0,,unbound,no,DBC name matches but no TC script casts the ID,docs/dungeons/halls-of-origination/encounter.md:348
75339,Earth Spike,Earth Spike,halls-of-origination,earthrager_ptah,39428,avoidable,no,none,ground_random,,4,nature,16,E2=64/A0 E1=98/A0 E0=2/A0,,unbound,no,DBC name matches but no TC script casts the ID,docs/dungeons/halls-of-origination/encounter.md:361
83650,Raging Smash,Raging Smash,halls-of-origination,earthrager_ptah,39428,avoidable,no,none,tank_plus_2_nearest,,,physical,262164,E0=31/A0,boss_earthrager_ptah.cpp:65,verified,no,DBC + TC script confirm,docs/dungeons/halls-of-origination/encounter.md:374
75547,Quicksand,Quicksand,halls-of-origination,earthrager_ptah,39428,avoidable,no,none,ground_random_near_players,,7,nature,0,E1=64/A0 E0=2/A0,,unbound,no,DBC name matches but no TC script casts the ID,docs/dungeons/halls-of-origination/encounter.md:385
,,Tumultuous Earthstorm,halls-of-origination,earthrager_ptah,39428,info,no,,self,,,,,,,placeholder,yes,non-numeric spell_id ('UNVERIFIED'),docs/dungeons/halls-of-origination/encounter.md:397
75453,Smash,Smash (Dustbone Horror add),halls-of-origination,earthrager_ptah,39428,info,no,,closest_player,,,physical,327700,E0=31/A0,,unbound,no,DBC name matches but no TC script casts the ID,docs/dungeons/halls-of-origination/encounter.md:406
75604,Nemesis Strike,Nemesis Strike,halls-of-origination,anraphet,39788,dispel,no,magic,tank,MAGIC_DISPEL_HIGH,,shadow,0,E1=64/A0 E0=31/A0,boss_anraphet.cpp:62,verified,no,DBC + TC script confirm,docs/dungeons/halls-of-origination/encounter.md:554
76184,Alpha Beams,Alpha Beams,halls-of-origination,anraphet,39788,avoidable,no,none,ally_random,,5,shadow,0,E0=6/A23,boss_anraphet.cpp:59,verified,no,DBC + TC script confirm,docs/dungeons/halls-of-origination/encounter.md:564
75623,Omega Stance,Omega Stance,halls-of-origination,anraphet,39788,info,no,none,pbaoe_self,AOE_HEAL_COOLDOWN,,shadow,0,E1=6/A33 E0=2/A0,,unbound,no,DBC name matches but no TC script casts the ID,docs/dungeons/halls-of-origination/encounter.md:579
75609,Crumbling Ruin,Crumbling Ruin,halls-of-origination,anraphet,39788,info,no,none,party_all,,,nature+arcane,0,E0=6/A133,boss_anraphet.cpp:61,verified,no,DBC + TC script confirm,docs/dungeons/halls-of-origination/encounter.md:592
,,Awakening AoE,halls-of-origination,anraphet,39788,info,no,,pbaoe_room,,,,,,,placeholder,yes,non-numeric spell_id ('UNVERIFIED'),docs/dungeons/halls-of-origination/encounter.md:604
,,Awakening AoE,halls-of-origination,anraphet,39788,info,no,,pbaoe_room,,,,,,,placeholder,no,"non-numeric spell_id ('75604,')",docs/dungeons/halls-of-origination/encounter.md:625
50796,Chaos Bolt,Chaos Bolt,halls-of-origination,setesh,39732,info,no,none,ally_random,,,fire,65536,E0=2/A0,,unbound,no,DBC name matches but no TC script casts the ID,docs/dungeons/halls-of-origination/encounter.md:669
77030,Reign of Chaos,Reign of Chaos,halls-of-origination,setesh,39732,avoidable,no,none,ground_zones,,,physical+holy+fire+nature+frost+shadow+arcane,0,E1=2/A0 E0=3/A0,,unbound,no,DBC name matches but no TC script casts the ID,docs/dungeons/halls-of-origination/encounter.md:679
76681,Chaos Blast,Chaos Blast,halls-of-origination,setesh,39732,avoidable,no,none,ground_random,,,holy+fire+nature+frost+shadow+arcane,0,E1=6/A23 E0=2/A0,boss_setesh.cpp:41,verified,no,DBC + TC script confirm,docs/dungeons/halls-of-origination/encounter.md:690
76870,Seed of Chaos,Seed of Chaos,halls-of-origination,setesh,39732,info,no,none,ground_random,,,shadow,8390656,E1=6/A42 E0=2/A0,boss_setesh.cpp:45,verified,no,DBC + TC script confirm,docs/dungeons/halls-of-origination/encounter.md:701
,,Summon Chaos Portal,halls-of-origination,setesh,39732,info,no,,ground_random,,,,,,,placeholder,yes,non-numeric spell_id ('UNVERIFIED'),docs/dungeons/halls-of-origination/encounter.md:712
76043,Wither,Wither,halls-of-origination,ammunae,39731,interrupt,yes,magic,ally_random,MAGIC_DISPEL_HIGH OR INTERRUPT,,nature,0,E1=6/A33 E0=6/A193,boss_ammunae.cpp:35,verified,no,DBC + TC script confirm,docs/dungeons/halls-of-origination/encounter.md:813
76043,Wither,Wither,halls-of-origination,ammunae,39731,dispel,yes,magic,ally_random,MAGIC_DISPEL_HIGH OR INTERRUPT,,nature,0,E1=6/A33 E0=6/A193,boss_ammunae.cpp:35,verified,no,DBC + TC script confirm,docs/dungeons/halls-of-origination/encounter.md:813
75665,Consume Life Energy,Consume Life Energy,halls-of-origination,ammunae,39731,interrupt,yes,none,ally_random,MUST_INTERRUPT,,nature,256,E0=6/A23,boss_ammunae.cpp:37,verified,no,DBC + TC script confirm,docs/dungeons/halls-of-origination/encounter.md:825
75790,Rampant Growth,Rampant Growth,halls-of-origination,ammunae,39731,info,no,none,pbaoe_room + pods,,,nature,0,E1=2/A0 E0=140/A0,boss_ammunae.cpp:43,verified,no,DBC + TC script confirm,docs/dungeons/halls-of-origination/encounter.md:838
75702,Noxious Spores,Noxious Spores (cloud),halls-of-origination,ammunae,39731,avoidable,no,none,ground_at_spore_death,,6,nature,8650752,E2=6/A4 E1=165/A0 E0=2/A0,,unbound,no,DBC name matches but no TC script casts the ID,docs/dungeons/halls-of-origination/encounter.md:850
,,Pod Energize (passive boss buff),halls-of-origination,ammunae,39731,info,no,none,ammunae,,,,,,,placeholder,yes,non-numeric spell_id ('UNVERIFIED'),docs/dungeons/halls-of-origination/encounter.md:863
,,Noxious Spores (75702) on death — 30s ground cloud,halls-of-origination,Anubisath / caster trash,39731,info,no,,,,,,,,,placeholder,no,"non-numeric spell_id ('76043,')",docs/dungeons/halls-of-origination/encounter.md:909
74136,Supernova,Supernova,halls-of-origination,isiset,39587,avoidable,no,none,pbaoe_self,FACE_AWAY_OVERRIDE,50,arcane,0,E0=140/A0,boss_isiset.cpp:30,verified,no,DBC + TC script confirm,docs/dungeons/halls-of-origination/encounter.md:979
74135,Astral Rain,Astral Rain,halls-of-origination,isiset,39587,info,no,,ground_random,,,arcane,0,E0=2/A0,,unbound,no,DBC name matches but no TC script casts the ID,docs/dungeons/halls-of-origination/encounter.md:993
74364,Celestial Call,Celestial Call,halls-of-origination,isiset,39587,info,no,,ground,,,arcane,0,E2=64/A0 E1=64/A0 E0=64/A0,boss_isiset.cpp:43,verified,no,DBC + TC script confirm,docs/dungeons/halls-of-origination/encounter.md:1004
74133,Veil of Sky,Veil of Sky,halls-of-origination,isiset,39587,dispel,no,magic,self,SPELLSTEAL_HIGH for Mage / Shaman / Priest,,arcane,65552,E1=3/A0 E0=6/A97,boss_isiset.cpp:47;boss_isiset.cpp:610,verified,no,DBC + TC script confirm,docs/dungeons/halls-of-origination/encounter.md:1013
74374,Arcane Barrage,Arcane Barrage (Celestial Familiar),halls-of-origination,isiset,39587,interrupt,yes,,ally_random,,,arcane,0,E0=2/A0,boss_isiset.cpp:70,verified,no,DBC + TC script confirm,docs/dungeons/halls-of-origination/encounter.md:1024
,,Arcane Barrage (74374),halls-of-origination,Anubisath / caster trash,39587,info,no,,,,,,,,,placeholder,no,"non-numeric spell_id ('74133,')",docs/dungeons/halls-of-origination/encounter.md:1072
73872,Sun Strike,Sun Strike,halls-of-origination,rajh,39378,info,no,none,pbaoe_room (50y),,,fire,327680,E1=2/A0 E0=64/A0,boss_rajh.cpp:38,verified,no,DBC + TC script confirm,docs/dungeons/halls-of-origination/encounter.md:1129
80352,Summon Sun Orb,Summon Sun Orb,halls-of-origination,rajh,39378,interrupt,yes,,ground_random,MUST_INTERRUPT,13,physical,67371008,E0=6/A23,boss_rajh.cpp:37,verified,no,DBC + TC script confirm,docs/dungeons/halls-of-origination/encounter.md:1141
87653,Inferno Leap,Inferno Leap,halls-of-origination,rajh,39378,interrupt,yes,,ally_random,MUST_INTERRUPT,10,fire,327680,E0=6/A236,boss_rajh.cpp:41,verified,no,DBC + TC script confirm,docs/dungeons/halls-of-origination/encounter.md:1152
74108,Solar Winds,Solar Winds,halls-of-origination,rajh,39378,avoidable,no,none,ground_movement_pattern,,4,fire,0,E1=138/A0 E0=2/A0,,unbound,no,DBC name matches but no TC script casts the ID,docs/dungeons/halls-of-origination/encounter.md:1165
76355,Blessing of the Sun,Blessing of the Sun,halls-of-origination,rajh,39378,info,no,none,pbaoe_self,,,fire,0,E2=2/A0 E1=30/A0 E0=6/A79,,unbound,no,DBC name matches but no TC script casts the ID,docs/dungeons/halls-of-origination/encounter.md:1177
89131,Solar Fire,Solar Fire (heroic only),halls-of-origination,rajh,39378,avoidable,no,none,ground_along_solar_wind_path,,,physical,536871168,E0=6/A23,,unbound,no,DBC name matches but no TC script casts the ID,docs/dungeons/halls-of-origination/encounter.md:1191
,,roving fire AoE (4y),halls-of-origination,Anubisath / caster trash,39378,info,no,,,,,,,,,placeholder,no,"non-numeric spell_id ('75592,')",docs/dungeons/halls-of-origination/encounter.md:1263
,,roving fire AoE (4y),halls-of-origination,Anubisath / caster trash,39378,info,no,,,,,,,,,placeholder,no,"non-numeric spell_id ('75604,')",docs/dungeons/halls-of-origination/encounter.md:1264
,,roving fire AoE (4y),halls-of-origination,Anubisath / caster trash,39378,info,no,,,,,,,,,placeholder,no,"non-numeric spell_id ('76043,')",docs/dungeons/halls-of-origination/encounter.md:1265
,,roving fire AoE (4y),halls-of-origination,Anubisath / caster trash,39378,info,no,,,,,,,,,placeholder,no,"non-numeric spell_id ('74133,')",docs/dungeons/halls-of-origination/encounter.md:1266
,,roving fire AoE (4y),halls-of-origination,Anubisath / caster trash,39378,info,no,,,,,,,,,placeholder,no,"non-numeric spell_id ('75665,')",docs/dungeons/halls-of-origination/encounter.md:1269
,,roving fire AoE (4y),halls-of-origination,Anubisath / caster trash,39378,info,no,,,,,,,,,placeholder,no,"non-numeric spell_id ('76903,')",docs/dungeons/halls-of-origination/encounter.md:1270
,,roving fire AoE (4y),halls-of-origination,Anubisath / caster trash,39378,info,no,,,,,,,,,placeholder,no,"non-numeric spell_id ('80352,')",docs/dungeons/halls-of-origination/encounter.md:1271
,,roving fire AoE (4y),halls-of-origination,Anubisath / caster trash,39378,info,no,,,,,,,,,placeholder,no,"non-numeric spell_id ('87653,')",docs/dungeons/halls-of-origination/encounter.md:1272
,,roving fire AoE (4y),halls-of-origination,Anubisath / caster trash,39378,info,no,,,,,,,,,placeholder,no,"non-numeric spell_id ('75540,')",docs/dungeons/halls-of-origination/encounter.md:1273
,,roving fire AoE (4y),halls-of-origination,Anubisath / caster trash,39378,info,no,,,,,,,,,placeholder,no,"non-numeric spell_id ('76043,')",docs/dungeons/halls-of-origination/encounter.md:1274
,,roving fire AoE (4y),halls-of-origination,Anubisath / caster trash,39378,info,no,,,,,,,,,placeholder,no,"non-numeric spell_id ('74374,')",docs/dungeons/halls-of-origination/encounter.md:1275
102593,Hand of Frost,Hand of Frost,hour-of-twilight,arcurion,54590,interrupt,yes,none,tank,MUST_INTERRUPT,,frost,0,E0=2/A0,,unbound,no,DBC name matches but no TC script casts the ID,docs/dungeons/hour-of-twilight/encounter.md:237
102582,Chains of Frost,Chains of Frost,hour-of-twilight,arcurion,54590,dispel,no,magic,pbaoe_self,,65,frost,0,E1=6/A26 E0=2/A0,,unbound,no,DBC name matches but no TC script casts the ID,docs/dungeons/hour-of-twilight/encounter.md:256
103252,Icy Tomb,Icy Tomb,hour-of-twilight,arcurion,54590,info,no,none,thrall,TARGET_SWITCH,,physical,0,E1=6/A4 E0=160/A0,,unbound,no,DBC name matches but no TC script casts the ID,docs/dungeons/hour-of-twilight/encounter.md:273
103962,Torrent of Frost,Torrent of Frost,hour-of-twilight,arcurion,54590,info,no,none,pbaoe_self,BURN,,none,0,E0=6/A23,,unbound,no,DBC name matches but no TC script casts the ID,docs/dungeons/hour-of-twilight/encounter.md:289
,,Icy Boulder,hour-of-twilight,Twilight Hammer Cultist (caster pack),54590,avoidable,no,,ground_telegraph_random,,,,,,,placeholder,yes,non-numeric spell_id ('UNVERIFIED'),docs/dungeons/hour-of-twilight/encounter.md:321
102726,Mark of Silence,Mark of Silence,hour-of-twilight,asira_dawnslayer,54968,info,no,none,ally_random_caster,SELF_GATE_CASTING,,physical,536870912,E0=6/A42,,unbound,no,DBC name matches but no TC script casts the ID,docs/dungeons/hour-of-twilight/encounter.md:398
103597,Throw Knife,Throw Knife,hour-of-twilight,asira_dawnslayer,54968,avoidable,no,none,marked_player,BODY_BLOCK,,physical,0,E1=2/A0 E0=3/A0,,unbound,no,DBC name matches but no TC script casts the ID,docs/dungeons/hour-of-twilight/encounter.md:418
103790,Choking Smoke Bomb,Choking Smoke Bomb,hour-of-twilight,asira_dawnslayer,54968,avoidable,no,none,ground_at_caster_feet,GROUND_AVOID + TANK_DRAG_OUT,8,nature,67108864,E1=2/A0 E0=6/A322,,unbound,no,DBC name matches but no TC script casts the ID,docs/dungeons/hour-of-twilight/encounter.md:436
103562,Lesser Blade Barrier,Blade Barrier,hour-of-twilight,asira_dawnslayer,54968,info,no,none,self,BIG_HIT_COOLDOWN,,physical,0,E0=6/A69,,unbound,yes,DBC name matches but no TC script casts the ID,docs/dungeons/hour-of-twilight/encounter.md:459
,,Rising Fire Totem (Thrall),hour-of-twilight,asira_dawnslayer,54968,info,no,,,,,,,,,placeholder,yes,non-numeric spell_id ('UNVERIFIED'),docs/dungeons/hour-of-twilight/encounter.md:490
,,Smite,hour-of-twilight,archbishop_benedictus,54938,interrupt,yes,none,tank,MUST_INTERRUPT,,,,,,placeholder,yes,non-numeric spell_id ('UNVERIFIED'),docs/dungeons/hour-of-twilight/encounter.md:588
103149,Righteous Shear,Righteous Shear,hour-of-twilight,archbishop_benedictus,54938,dispel,no,magic,ally_random,HIGH_DISPEL_PRIORITY,,holy,256,E0=3/A0,,unbound,no,DBC name matches but no TC script casts the ID,docs/dungeons/hour-of-twilight/encounter.md:602
103578,Purifying Light,Purifying Light,hour-of-twilight,archbishop_benedictus,54938,avoidable,no,none,above_boss,,,physical,256,E0=6/A4,,unbound,no,DBC name matches but no TC script casts the ID,docs/dungeons/hour-of-twilight/encounter.md:620
103651,Purifying Blast,Purifying Blast,hour-of-twilight,archbishop_benedictus,54938,avoidable,no,,pbaoe_orb_impact,,6,holy,0,E2=28/A0 E1=98/A0 E0=2/A0,,unbound,no,DBC name matches but no TC script casts the ID,docs/dungeons/hour-of-twilight/encounter.md:637
103684,Wave of Virtue,Wave of Virtue,hour-of-twilight,archbishop_benedictus,54938,avoidable,no,none,room_sweep,STACK_IN_WATER_SHELL,15,holy,0,E1=138/A0 E0=2/A0,,unbound,no,DBC name matches but no TC script casts the ID,docs/dungeons/hour-of-twilight/encounter.md:650
,,Twilight Epiphany,hour-of-twilight,archbishop_benedictus,54938,info,no,,,PHASE_TRANSITION_DETECT,,,,,,placeholder,yes,non-numeric spell_id ('UNVERIFIED'),docs/dungeons/hour-of-twilight/encounter.md:666
,,Twilight Prison (on Thrall),hour-of-twilight,archbishop_benedictus,54938,info,no,,thrall,,,,,,,placeholder,yes,non-numeric spell_id ('UNVERIFIED'),docs/dungeons/hour-of-twilight/encounter.md:685
103777,Twilight Bolt,Twilight Bolt (cast),hour-of-twilight,archbishop_benedictus,54938,interrupt,yes,none,tank,MUST_INTERRUPT,,shadow,0,E2=28/A0 E1=98/A0 E0=2/A0,,unbound,no,DBC name matches but no TC script casts the ID,docs/dungeons/hour-of-twilight/encounter.md:695
103526,Twilight Shear,Twilight Shear,hour-of-twilight,archbishop_benedictus,54938,dispel,no,magic,ally_random,HIGH_DISPEL_PRIORITY,,shadow,0,E0=2/A0,,unbound,no,DBC name matches but no TC script casts the ID,docs/dungeons/hour-of-twilight/encounter.md:709
103769,Corrupting Twilight,Corrupting Twilight,hour-of-twilight,archbishop_benedictus,54938,avoidable,no,,above_boss,,,physical,256,E0=6/A4,,unbound,no,DBC name matches but no TC script casts the ID,docs/dungeons/hour-of-twilight/encounter.md:723
,,Twilight Blast (orb impact),hour-of-twilight,archbishop_benedictus,54938,avoidable,no,,pbaoe_orb_impact,,6,,,,,placeholder,yes,non-numeric spell_id ('UNVERIFIED'),docs/dungeons/hour-of-twilight/encounter.md:737
103781,Wave of Twilight,Wave of Twilight,hour-of-twilight,archbishop_benedictus,54938,avoidable,no,none,room_sweep,GAP_RUN_OR_IMMUNITY,15,shadow,0,E1=138/A0 E0=2/A0,,unbound,no,DBC name matches but no TC script casts the ID,docs/dungeons/hour-of-twilight/encounter.md:749
,,Earth_Shock_or_Lightning_Bolt,lost-city-of-the-tolvir,Tol'vir Stoneshaper,,interrupt,yes,,,MUST_INTERRUPT,,,,,,placeholder,yes,non-numeric spell_id ('UNVERIFIED'),docs/dungeons/lost-city-of-the-tolvir/encounter.md:59
,,disease_cast,lost-city-of-the-tolvir,Neferset Plaguebringer,,interrupt,yes,,,MUST_INTERRUPT,,,,,,placeholder,yes,non-numeric spell_id ('UNVERIFIED'),docs/dungeons/lost-city-of-the-tolvir/encounter.md:70
,,magic_cast,lost-city-of-the-tolvir,Neferset Theurgist,,interrupt,yes,,,MUST_INTERRUPT,,,,,,placeholder,yes,non-numeric spell_id ('UNVERIFIED'),docs/dungeons/lost-city-of-the-tolvir/encounter.md:79
,,standard_melee_or_caster,lost-city-of-the-tolvir,wind_elementals_or_tolvir_guards,,info,no,,,,,,,,,placeholder,yes,non-numeric spell_id ('UNVERIFIED'),docs/dungeons/lost-city-of-the-tolvir/encounter.md:102
83171,Mystic Trap,Mystic Trap,lost-city-of-the-tolvir,general_husam,44577,avoidable,no,none,ground_random_3_players,AVOID,,fire,0,E1=98/A0 E0=2/A0,boss_general_husam.cpp:64,verified,no,DBC + TC script confirm,docs/dungeons/lost-city-of-the-tolvir/encounter.md:150
91263,Detonate Traps,Detonate Traps,lost-city-of-the-tolvir,general_husam,44577,avoidable,no,none,all_armed_traps,GROUP_RELOCATE,,physical,0,E0=77/A0,boss_general_husam.cpp:48,verified,no,DBC + TC script confirm,docs/dungeons/lost-city-of-the-tolvir/encounter.md:166
83113,Bad Intentions,Bad Intentions,lost-city-of-the-tolvir,general_husam,44577,info,no,none,ally_random_non_tank,,,fire,0,E1=77/A0 E0=96/A0,boss_general_husam.cpp:49,verified,no,DBC + TC script confirm,docs/dungeons/lost-city-of-the-tolvir/encounter.md:180
83655,Hammer Fist,Hammer Fist,lost-city-of-the-tolvir,general_husam,44577,info,no,none,tank,,,physical,0,E0=31/A0,,unbound,no,DBC name matches but no TC script casts the ID,docs/dungeons/lost-city-of-the-tolvir/encounter.md:192
83445,Shockwave,Shockwave,lost-city-of-the-tolvir,general_husam,44577,avoidable,no,none,pbaoe_self_4_lines,AVOID,,fire,536870912,E0=77/A0,boss_general_husam.cpp:40,verified,no,DBC + TC script confirm,docs/dungeons/lost-city-of-the-tolvir/encounter.md:206
81630,Viscous Poison,Viscous Poison,lost-city-of-the-tolvir,lockmaw,43614,avoidable,no,poison,ground_random_player,DISPEL,5,nature,0,E2=6/A3 E1=6/A31 E0=2/A0,boss_lockmaw_and_augh.cpp:44,verified,no,DBC + TC script confirm,docs/dungeons/lost-city-of-the-tolvir/encounter.md:299
81630,Viscous Poison,Viscous Poison,lost-city-of-the-tolvir,lockmaw,43614,dispel,no,poison,ground_random_player,DISPEL,5,nature,0,E2=6/A3 E1=6/A31 E0=2/A0,boss_lockmaw_and_augh.cpp:44,verified,no,DBC + TC script confirm,docs/dungeons/lost-city-of-the-tolvir/encounter.md:299
81644,Dust Flail,Dust Flail,lost-city-of-the-tolvir,lockmaw,43614,avoidable,no,none,rear_cone,AVOID,,nature,0,E2=6/A79 E1=64/A0 E0=2/A0,,unbound,no,DBC name matches but no TC script casts the ID,docs/dungeons/lost-city-of-the-tolvir/encounter.md:316
81690,Scent of Blood,Scent of Blood,lost-city-of-the-tolvir,lockmaw,43614,info,no,none,ally_random,ADD_HANDLE,,physical,603979776,E0=6/A3,boss_lockmaw_and_augh.cpp:45,verified,no,DBC + TC script confirm,docs/dungeons/lost-city-of-the-tolvir/encounter.md:333
81706,Venomous Rage,Venomous Rage,lost-city-of-the-tolvir,lockmaw,43614,dispel,no,unverified,self,DEFENSIVE_CD,,physical,0,E1=6/A61 E0=6/A79,boss_lockmaw_and_augh.cpp:49,verified,no,DBC + TC script confirm,docs/dungeons/lost-city-of-the-tolvir/encounter.md:346
84799,Paralytic Blow Dart,Paralytic Blow Dart,lost-city-of-the-tolvir,lockmaw,43614,dispel,no,poison,ally_random,DISPEL,,nature,2,E2=6/A193 E1=6/A3 E0=2/A0,boss_lockmaw_and_augh.cpp:55,verified,no,DBC + TC script confirm,docs/dungeons/lost-city-of-the-tolvir/encounter.md:366
1680,Whirlwind,Whirlwind,lost-city-of-the-tolvir,lockmaw,43614,avoidable,no,none,pbaoe_self,KITE_OR_AVOID,,physical,327696,E2=64/A0 E1=31/A0 E0=121/A0,,unbound,no,DBC name matches but no TC script casts the ID,docs/dungeons/lost-city-of-the-tolvir/encounter.md:381
7964,Smoke Bomb,Smoke Bomb,lost-city-of-the-tolvir,lockmaw,43614,avoidable,no,none,pbaoe_self,TANK_STUN_RELAY,5,physical,16,E1=3/A0 E0=6/A12,,unbound,no,DBC name matches but no TC script casts the ID,docs/dungeons/lost-city-of-the-tolvir/encounter.md:394
81677,Vicious Bite,Vicious Bite,lost-city-of-the-tolvir,wind_elementals_or_tolvir_guards,43614,info,no,,closest_or_bleed_target,,,physical,2359296,E1=6/A3 E0=31/A0,,unbound,no,DBC name matches but no TC script casts the ID,docs/dungeons/lost-city-of-the-tolvir/encounter.md:420
,,Vicious Bite,lost-city-of-the-tolvir,wind_elementals_or_tolvir_guards,43614,info,no,,closest_or_bleed_target,,,,,,,placeholder,no,"non-numeric spell_id ('81630,')",docs/dungeons/lost-city-of-the-tolvir/encounter.md:443
,,Vicious Bite,lost-city-of-the-tolvir,wind_elementals_or_tolvir_guards,43614,info,no,,closest_or_bleed_target,,,,,,,placeholder,no,"non-numeric spell_id ('84799,')",docs/dungeons/lost-city-of-the-tolvir/encounter.md:444
82622,Plague of Ages,Plague of Ages,lost-city-of-the-tolvir,high_prophet_barim,43612,dispel,no,disease,ally_random,DISPEL,,nature,327680,E2=140/A0 E1=6/A3 E0=2/A0,boss_high_prophet_barim.cpp:38,verified,no,DBC + TC script confirm,docs/dungeons/lost-city-of-the-tolvir/encounter.md:524
81942,Heaven's Fury,Heaven's Fury,lost-city-of-the-tolvir,high_prophet_barim,43612,avoidable,no,none,ground_random_player,AVOID,12,holy,0,E1=2/A0 E0=3/A0,,unbound,no,DBC name matches but no TC script casts the ID,docs/dungeons/lost-city-of-the-tolvir/encounter.md:541
82506,Fifty Lashings,Fifty Lashings,lost-city-of-the-tolvir,high_prophet_barim,43612,dispel,no,unverified,self,TANK_DEFENSIVE_CD,,physical,0,E2=3/A0 E1=3/A0 E0=6/A42,boss_high_prophet_barim.cpp:37,verified,no,DBC + TC script confirm,docs/dungeons/lost-city-of-the-tolvir/encounter.md:556
,,Blaze of the Heavens,lost-city-of-the-tolvir,high_prophet_barim,43612,avoidable,no,none,,ADD_KITE_OR_BURN,,,,,,placeholder,yes,non-numeric spell_id ('UNVERIFIED'),docs/dungeons/lost-city-of-the-tolvir/encounter.md:569
81947,Repentance,Repentance,lost-city-of-the-tolvir,high_prophet_barim,43612,info,no,none,pbaoe_self,PHASE_TRANSITION,,physical,536872960,E1=6/A23 E0=6/A12,boss_high_prophet_barim.cpp:43,verified,no,DBC + TC script confirm,docs/dungeons/lost-city-of-the-tolvir/encounter.md:588
,,Hallowed Ground,lost-city-of-the-tolvir,high_prophet_barim,43612,avoidable,no,none,ground_around_barim,AVOID,13,,,,,placeholder,yes,non-numeric spell_id ('UNVERIFIED'),docs/dungeons/lost-city-of-the-tolvir/encounter.md:602
82533,Wail of Darkness,Wail of Darkness,lost-city-of-the-tolvir,high_prophet_barim,43612,info,no,none,pbaoe_all_players,HEALER_PRESSURE,,shadow,0,E1=2/A0 E0=3/A0,boss_high_prophet_barim.cpp:71,verified,no,DBC + TC script confirm,docs/dungeons/lost-city-of-the-tolvir/encounter.md:618
82255,Soul Sever,Soul Sever,lost-city-of-the-tolvir,high_prophet_barim,43612,info,no,none,ally_random,ADD_INTERCEPT,,physical,2048,E1=6/A23 E0=6/A4,boss_high_prophet_barim.cpp:72,verified,no,DBC + TC script confirm,docs/dungeons/lost-city-of-the-tolvir/encounter.md:630
82263,Merged Souls,Merged Souls,lost-city-of-the-tolvir,high_prophet_barim,43612,avoidable,no,none,self,PREVENT_VIA_FRAGMENT_KILL,,shadow,0,E2=6/A79 E1=6/A61 E0=10/A0,boss_high_prophet_barim.cpp:78,verified,no,DBC + TC script confirm,docs/dungeons/lost-city-of-the-tolvir/encounter.md:643
,,Soul Fragment,lost-city-of-the-tolvir,high_prophet_barim,43612,info,no,,,,,,,,,placeholder,no,"non-numeric spell_id ('82622,')",docs/dungeons/lost-city-of-the-tolvir/encounter.md:690
73564,Storm Bolt,Storm Bolt,lost-city-of-the-tolvir,siamat,44819,info,no,none,ally_random,HEALER_REACTIVE,,nature,65536,E0=2/A0,boss_siamat.cpp:46,verified,no,DBC + TC script confirm,docs/dungeons/lost-city-of-the-tolvir/encounter.md:771
83051,Cloud Burst,Cloud Burst,lost-city-of-the-tolvir,siamat,44819,avoidable,no,none,ground_random_player,AVOID,5,nature,0,E1=98/A0 E0=2/A0,,unbound,no,DBC name matches but no TC script casts the ID,docs/dungeons/lost-city-of-the-tolvir/encounter.md:784
,,Deflecting Winds,lost-city-of-the-tolvir,siamat,44819,info,no,none,self,DPS_GATE,,,,,,placeholder,yes,non-numeric spell_id ('UNVERIFIED'),docs/dungeons/lost-city-of-the-tolvir/encounter.md:800
83066,Wailing Winds,Wailing Winds,lost-city-of-the-tolvir,siamat,44819,avoidable,no,none,pbaoe_all_players,STAY_CENTER,,nature,0,E1=64/A0 E0=6/A226,boss_siamat.cpp:48,verified,no,DBC + TC script confirm,docs/dungeons/lost-city-of-the-tolvir/encounter.md:813
84987,Gathered Storms,Gathered Storms,lost-city-of-the-tolvir,siamat,44819,avoidable,no,none,self_then_blast_players,PREVENT_VIA_TEMPEST_STORM_AVOIDANCE,,nature,0,E0=2/A0,,unbound,no,DBC name matches but no TC script casts the ID,docs/dungeons/lost-city-of-the-tolvir/encounter.md:829
65279,Lightning Nova,Lightning Nova,lost-city-of-the-tolvir,siamat,44819,avoidable,no,none,pbaoe_self,AVOID,10,nature,0,E0=2/A0,,unbound,no,DBC name matches but no TC script casts the ID,docs/dungeons/lost-city-of-the-tolvir/encounter.md:851
84522,Thunder Crash,Thunder Crash,lost-city-of-the-tolvir,siamat,44819,avoidable,no,none,current_target_or_pbaoe_on_death,TANK_DEFENSIVE_OR_GROUP_SPREAD,,nature,0,E0=2/A0,,unbound,no,DBC name matches but no TC script casts the ID,docs/dungeons/lost-city-of-the-tolvir/encounter.md:865
,,Lightning Charge,lost-city-of-the-tolvir,siamat,44819,info,no,none,group,HEALER_PRESSURE_SCALE,,,,,,placeholder,yes,non-numeric spell_id ('UNVERIFIED'),docs/dungeons/lost-city-of-the-tolvir/encounter.md:878
103637,Chain Lightning,Chain Lightning,lost-city-of-the-tolvir,siamat,44819,avoidable,yes,none,ally_random_then_arc,MUST_INTERRUPT,,nature,0,E0=1/A0,,unbound,no,DBC name matches but no TC script casts the ID,docs/dungeons/lost-city-of-the-tolvir/encounter.md:892
103637,Chain Lightning,Chain Lightning,lost-city-of-the-tolvir,siamat,44819,interrupt,yes,none,ally_random_then_arc,MUST_INTERRUPT,,nature,0,E0=1/A0,,unbound,no,DBC name matches but no TC script casts the ID,docs/dungeons/lost-city-of-the-tolvir/encounter.md:892
83446,Tempest Storm,Tempest Storm,lost-city-of-the-tolvir,siamat,44819,avoidable,no,none,ground_at_minion,AVOID_AND_DO_NOT_LET_REACH_SIAMAT,6,nature,327696,E0=2/A0,,unbound,no,DBC name matches but no TC script casts the ID,docs/dungeons/lost-city-of-the-tolvir/encounter.md:906
84550,Depletion,Depletion,lost-city-of-the-tolvir,siamat,44819,info,no,none,self,NOOP_SELF_DEPLETION,,physical,0,E0=6/A89,boss_siamat.cpp:63,verified,no,DBC + TC script confirm,docs/dungeons/lost-city-of-the-tolvir/encounter.md:922
81574,Charge,Charge,the-stonecore,Stonecore Berserker,,info,no,,ally_random,,,physical,327696,E0=96/A0,,unbound,no,DBC name matches but no TC script casts the ID,docs/dungeons/the-stonecore/encounter.md:65
81568,Spinning Slash,Spinning Slash,the-stonecore,Stonecore Berserker,,info,no,,,KITE_AWAY,5,physical,0,E0=6/A23,,unbound,no,DBC name matches but no TC script casts the ID,docs/dungeons/the-stonecore/encounter.md:69
81459,Force of Earth,Force of Earth,the-stonecore,Stonecore Earthshaper,,interrupt,yes,,,MUST_INTERRUPT_HIGHEST,,nature,0,E0=3/A0,stonecore.cpp:256,verified,no,DBC + TC script confirm,docs/dungeons/the-stonecore/encounter.md:86
81530,Ground Shock,Ground Shock,the-stonecore,Stonecore Earthshaper,,info,no,,frontal_cone,,,nature,0,E1=98/A0 E0=2/A0,,unbound,no,DBC name matches but no TC script casts the ID,docs/dungeons/the-stonecore/encounter.md:96
81576,Lava Burst,Lava Burst,the-stonecore,Stonecore Earthshaper,,interrupt,yes,,,MUST_INTERRUPT,,fire,65536,E0=2/A0,,unbound,no,DBC name matches but no TC script casts the ID,docs/dungeons/the-stonecore/encounter.md:102
,,Ignite,the-stonecore,Stonecore Magmalord,42789,info,no,,ally_random,,,,,,,placeholder,yes,non-numeric spell_id ('UNVERIFIED'),docs/dungeons/the-stonecore/encounter.md:133
,,Magma Eruption,the-stonecore,Stonecore Magmalord,42789,info,no,,ground_random,,,,,,,placeholder,yes,non-numeric spell_id ('UNVERIFIED'),docs/dungeons/the-stonecore/encounter.md:140
86881,Crystal Barrage,Crystal Barrage,the-stonecore,corborus,43438,avoidable,no,none,ground_random_player,GROUP_SPREAD,5,physical,0,E1=64/A0 E0=27/A3,boss_corborus.cpp:41,verified,no,DBC + TC script confirm,docs/dungeons/the-stonecore/encounter.md:239
82415,Dampening Wave,Dampening Wave,the-stonecore,corborus,43438,dispel,no,magic,pbaoe_self,,,shadow,0,E1=6/A301 E0=2/A0,boss_corborus.cpp:39,verified,no,DBC + TC script confirm,docs/dungeons/the-stonecore/encounter.md:256
26381,Burrow,Burrow,the-stonecore,corborus,43438,info,no,,self,,,arcane,0,E1=6/A16 E0=3/A0,,unbound,yes,DBC name matches but no TC script casts the ID,docs/dungeons/the-stonecore/encounter.md:273
81828,Thrashing Charge,Thrashing Charge,the-stonecore,corborus,43438,avoidable,no,,pbaoe_path,AVOID_TELEGRAPH,,physical,0,E1=98/A0 E0=2/A0,boss_corborus.cpp:49,verified,no,DBC + TC script confirm,docs/dungeons/the-stonecore/encounter.md:282
80028,Rock Bore,Rock Bore (Rock Borer add ability),the-stonecore,corborus,43438,info,no,none,tank,,,physical,0,E0=6/A3,boss_corborus.cpp:54,verified,no,DBC + TC script confirm,docs/dungeons/the-stonecore/encounter.md:299
,,Crystal Shard (heroic only),the-stonecore,corborus,43438,info,no,,closest_player,,,,,,,placeholder,yes,non-numeric spell_id ('UNVERIFIED'),docs/dungeons/the-stonecore/encounter.md:311
80028,Rock Bore,Rock Borer,the-stonecore,corborus,43438,info,no,,,,,physical,0,E0=6/A3,boss_corborus.cpp:54,verified,no,DBC + TC script confirm,docs/dungeons/the-stonecore/encounter.md:324
,,explosion_on_contact,the-stonecore,Twilight followers (Azil hall),43438,info,no,,,,,,,,,placeholder,no,"non-numeric spell_id ('82415,')",docs/dungeons/the-stonecore/encounter.md:350
80807,Sand Blast,Sand Blast,the-stonecore,slabhide,43214,avoidable,no,none,frontal_cone,TANK_FACING_RULE,,nature,0,E0=2/A0,boss_slabhide.cpp:37,verified,yes,DBC + TC script confirm,docs/dungeons/the-stonecore/encounter.md:408
80803,Lava Fissure,Lava Fissure (target placement),the-stonecore,slabhide,43214,avoidable,no,,ground_random_player,GROUND_AVOID,,physical,256,E0=28/A0,boss_slabhide.cpp:36,verified,no,DBC + TC script confirm,docs/dungeons/the-stonecore/encounter.md:423
80800,Eruption,Eruption (the actual damage from Lava Fissure),the-stonecore,slabhide,43214,info,no,,ground_self,,5,fire,0,E1=6/A23 E0=2/A0,boss_slabhide.cpp:45,verified,no,DBC + TC script confirm,docs/dungeons/the-stonecore/encounter.md:437
,,Lava Pool,the-stonecore,slabhide,43214,avoidable,no,,ground_self,,,,,,,placeholder,yes,non-numeric spell_id ('UNVERIFIED'),docs/dungeons/the-stonecore/encounter.md:450
80643,Stalactite,Stalactite (drop),the-stonecore,slabhide,43214,avoidable,no,,ground_random,GROUND_AVOID,,physical,0,E0=32/A0,boss_slabhide.cpp:50,verified,no,DBC + TC script confirm,docs/dungeons/the-stonecore/encounter.md:463
92265,Crystal Storm,Crystal Storm (HEROIC ONLY),the-stonecore,slabhide,43214,avoidable,no,,pbaoe_self,LOS_BREAK,8,physical,0,E2=164/A0 E1=64/A0 E0=6/A23,boss_slabhide.cpp:41,verified,no,DBC + TC script confirm,docs/dungeons/the-stonecore/encounter.md:478
78903,Ground Slam,Ground Slam,the-stonecore,ozruk,42188,avoidable,no,,pbaoe_self_forward,RUN_THROUGH,,physical,0,E1=3/A0 E0=2/A0,boss_ozruk.cpp:37,verified,no,DBC + TC script confirm,docs/dungeons/the-stonecore/encounter.md:571
1943,Rupture,Rupture (HEROIC ONLY),the-stonecore,ozruk,42188,avoidable,no,,line_forward,,,physical,327696,E0=6/A3,,unbound,no,DBC name matches but no TC script casts the ID,docs/dungeons/the-stonecore/encounter.md:589
78835,Elementium Spike Shield,Elementium Spike Shield,the-stonecore,ozruk,42188,info,no,none,self,,,arcane,0,E1=6/A42 E0=6/A42,boss_ozruk.cpp:38,verified,no,DBC + TC script confirm,docs/dungeons/the-stonecore/encounter.md:601
78939,Elementium Bulwark,Elementium Bulwark,the-stonecore,ozruk,42188,info,no,none,self,STOP_HARDCAST,,shadow,0,E0=6/A28,boss_ozruk.cpp:36,verified,no,DBC + TC script confirm,docs/dungeons/the-stonecore/encounter.md:622
77715,Shatter,Shatter,the-stonecore,ozruk,42188,avoidable,no,,pbaoe_self,STEP_OUT,5,frost,8388608,E2=77/A0 E1=2/A0 E0=2/A0,,unbound,no,DBC name matches but no TC script casts the ID,docs/dungeons/the-stonecore/encounter.md:636
92426,Paralyze,Paralyze (HEROIC ONLY),the-stonecore,ozruk,42188,dispel,no,magic,pbaoe_self,DAMAGE_BREAK_VIA_PRE_DOT,,arcane,0,E1=164/A0 E0=6/A12,boss_ozruk.cpp:42,verified,no,DBC + TC script confirm,docs/dungeons/the-stonecore/encounter.md:653
,,melee,the-stonecore,ozruk,42188,info,no,,tank,,,,,,,placeholder,no,"non-numeric spell_id ('92426,')",docs/dungeons/the-stonecore/encounter.md:699
79351,Force Grip,Force Grip,the-stonecore,high_priestess_azil,42333,interrupt,yes,none,tank,HIGHEST_KICK_PRIORITY,,physical,0,E2=6/A4 E1=6/A4 E0=77/A0,boss_high_priestess_azil.cpp:43,verified,no,DBC + TC script confirm,docs/dungeons/the-stonecore/encounter.md:764
79249,Gravity Well,Gravity Well,the-stonecore,high_priestess_azil,42333,avoidable,no,none,ground_random_player,GROUND_AVOID,10,shadow,0,E0=2/A0,boss_high_priestess_azil.cpp:51,verified,no,DBC + TC script confirm,docs/dungeons/the-stonecore/encounter.md:785
16098,Curse of Blood,Curse of Blood,the-stonecore,high_priestess_azil,42333,dispel,no,curse,ally_random,,,shadow,0,E0=6/A14,,unbound,no,DBC name matches but no TC script casts the ID,docs/dungeons/the-stonecore/encounter.md:806
79050,Energy Shield,Energy Shield (Stage 2),the-stonecore,high_priestess_azil,42333,info,no,none,self,STAGE_TRANSITION_AWARENESS,,arcane,0,E2=2/A0 E1=98/A0 E0=6/A87,boss_high_priestess_azil.cpp:47,verified,no,DBC + TC script confirm,docs/dungeons/the-stonecore/encounter.md:823
79002,Seismic Shard,Seismic Shard,the-stonecore,high_priestess_azil,42333,avoidable,no,,ground_random_player,GROUND_AVOID_HIGHEST,3.5,physical,0,E0=6/A4,boss_high_priestess_azil.cpp:53,verified,no,DBC + TC script confirm,docs/dungeons/the-stonecore/encounter.md:840
,,Disciple of Twilight (UNVERIFIED separate type),the-stonecore,high_priestess_azil,42333,info,no,,,,,,,,,placeholder,no,"non-numeric spell_id ('79351,')",docs/dungeons/the-stonecore/encounter.md:895
,,Disciple of Twilight (UNVERIFIED separate type),the-stonecore,high_priestess_azil,42333,info,no,,,,,,,,,placeholder,no,"non-numeric spell_id ('16098,')",docs/dungeons/the-stonecore/encounter.md:898
86292,Cyclone Shield,Cyclone Shield,the-vortex-pinnacle,grand_vizier_ertan,43878,avoidable,no,none,self,GROUP_INSIDE_RING,,nature,0,E2=2/A0 E1=6/A193 E0=6/A33,,unbound,no,DBC name matches but no TC script casts the ID,docs/dungeons/the-vortex-pinnacle/encounter.md:261
86309,Storm's Edge,Storm's Edge,the-vortex-pinnacle,grand_vizier_ertan,43878,avoidable,no,none,pbaoe_aura_outside_cyclones,STAY_INSIDE_RING,,nature,0,E0=2/A0,,unbound,no,DBC name matches but no TC script casts the ID,docs/dungeons/the-vortex-pinnacle/encounter.md:280
,,Lightning Bolt,the-vortex-pinnacle,grand_vizier_ertan,43878,interrupt,yes,none,tank (current_target),MEDIUM_INTERRUPT,,,,,,placeholder,yes,non-numeric spell_id ('UNVERIFIED'),docs/dungeons/the-vortex-pinnacle/encounter.md:292
86340,Summon Tempest,Summon Tempest,the-vortex-pinnacle,grand_vizier_ertan,43878,info,no,,platform_edges,ADD_SPAWN_TRIGGER,,nature,0,E0=28/A0,boss_grand_vizier_ertan.cpp:36,verified,no,DBC + TC script confirm,docs/dungeons/the-vortex-pinnacle/encounter.md:303
,,(Lurking Tempest) Lightning Bolt,the-vortex-pinnacle,grand_vizier_ertan,43878,interrupt,yes,none,facing_player,TARGET_SUPPRESSION_PREFERRED,,,,,,placeholder,yes,non-numeric spell_id ('UNVERIFIED'),docs/dungeons/the-vortex-pinnacle/encounter.md:315
,,Call the Wind,the-vortex-pinnacle,altairus,43873,info,no,none,platform,REPOSITION_TRIGGER,,,,,,placeholder,yes,non-numeric spell_id ('UNVERIFIED'),docs/dungeons/the-vortex-pinnacle/encounter.md:403
,,Upwind of Altairus,the-vortex-pinnacle,altairus,43873,info,no,none,ally_upwind_of_boss,,,,,,,placeholder,yes,non-numeric spell_id ('UNVERIFIED'),docs/dungeons/the-vortex-pinnacle/encounter.md:417
,,Downwind of Altairus,the-vortex-pinnacle,altairus,43873,info,no,none,ally_downwind_of_boss,,,,,,,placeholder,yes,non-numeric spell_id ('UNVERIFIED'),docs/dungeons/the-vortex-pinnacle/encounter.md:428
88308,Chilling Breath,Chilling Breath,the-vortex-pinnacle,altairus,43873,avoidable,no,none,"frontal_cone (random target — boss aims at chosen target, stays aimed through cast)",CONE_AVOIDANCE,,frost,0,E1=2/A0 E0=6/A4,,unbound,no,DBC name matches but no TC script casts the ID,docs/dungeons/the-vortex-pinnacle/encounter.md:442
88314,Twisting Winds,Twisting Winds,the-vortex-pinnacle,altairus,43873,avoidable,no,none,ground_patrolling,,,nature,0,E2=6/A105 E1=98/A0 E0=2/A0,,unbound,no,DBC name matches but no TC script casts the ID,docs/dungeons/the-vortex-pinnacle/encounter.md:461
,,Lightning Blast,the-vortex-pinnacle,altairus,43873,info,no,none,player_leaving_platform,,,,,,,placeholder,yes,non-numeric spell_id ('UNVERIFIED'),docs/dungeons/the-vortex-pinnacle/encounter.md:475
,,melee,the-vortex-pinnacle,altairus,43873,info,no,,tank,,,,,,,placeholder,yes,"non-numeric spell_id ('UNVERIFIED,')",docs/dungeons/the-vortex-pinnacle/encounter.md:526
,,Skyfall Star (summon),the-vortex-pinnacle,asaad_caliph_of_zephyrs,43875,info,no,,ground_random,ADD_SPAWN_TRIGGER,,,,,,placeholder,yes,non-numeric spell_id ('UNVERIFIED'),docs/dungeons/the-vortex-pinnacle/encounter.md:560
,,(Skyfall Star) Arcane Barrage,the-vortex-pinnacle,asaad_caliph_of_zephyrs,43875,info,no,none,enemy_random,KILL_PRIORITY_ABSOLUTE,,,,,,placeholder,yes,non-numeric spell_id ('UNVERIFIED'),docs/dungeons/the-vortex-pinnacle/encounter.md:571
87622,Chain Lightning,Chain Lightning,the-vortex-pinnacle,asaad_caliph_of_zephyrs,43875,avoidable,no,none,enemy_random,GROUP_SPREAD,,nature,0,E0=2/A0,boss_asaad.cpp:41,verified,no,DBC + TC script confirm,docs/dungeons/the-vortex-pinnacle/encounter.md:586
87618,Static Cling,Static Cling,the-vortex-pinnacle,asaad_caliph_of_zephyrs,43875,dispel,no,magic,enemy_random_typically_ranged,MAGIC_DISPEL_HIGH,,nature,2048,E1=6/A26 E0=6/A23,boss_asaad.cpp:38;boss_asaad.cpp:667,verified,no,DBC + TC script confirm,docs/dungeons/the-vortex-pinnacle/encounter.md:602
86911,Unstable Grounding Field,Unstable Grounding Field,the-vortex-pinnacle,asaad_caliph_of_zephyrs,43875,info,no,none,ground_random_triangle,TRIANGLE_STACK_TRIGGER,,nature,0,E0=6/A4,boss_asaad.cpp:42,verified,no,DBC + TC script confirm,docs/dungeons/the-vortex-pinnacle/encounter.md:623
86930,Supremacy of the Storm,Supremacy of the Storm,the-vortex-pinnacle,asaad_caliph_of_zephyrs,43875,avoidable,no,none,pbaoe_platform_excluding_triangle,TRIANGLE_STACK_MANDATORY,,nature,0,E2=3/A0 E1=6/A23 E0=6/A23,boss_asaad.cpp:44,verified,no,DBC + TC script confirm,docs/dungeons/the-vortex-pinnacle/encounter.md:639
,,Lightning Strike (auto-attack),the-vortex-pinnacle,asaad_caliph_of_zephyrs,43875,info,no,,tank (current_target),,,,,,,placeholder,yes,non-numeric spell_id ('UNVERIFIED'),docs/dungeons/the-vortex-pinnacle/encounter.md:655
,,Arcane Barrage (continuous cast on random player),the-vortex-pinnacle,Skyfall Star (trash version),43875,info,no,,,,,,,,,placeholder,no,"non-numeric spell_id ('87618,')",docs/dungeons/the-vortex-pinnacle/encounter.md:698
,,Arcane Barrage (continuous cast on random player),the-vortex-pinnacle,Skyfall Star (trash version),43875,info,no,,,,,,,,,placeholder,yes,"non-numeric spell_id ('UNVERIFIED,')",docs/dungeons/the-vortex-pinnacle/encounter.md:731
77217,Noxious Mire,Noxious Mire (periodic-aura host),throne-of-the-tides,Naz'jar Sentinel,,avoidable,no,,,,5,nature,384,E0=6/A23,,unbound,no,DBC name matches but no TC script casts the ID,docs/dungeons/throne-of-the-tides/encounter.md:59
77218,Noxious Mire,Noxious Mire (summon),throne-of-the-tides,Naz'jar Sentinel,,info,no,,,,,nature,256,E0=28/A0,,unbound,no,DBC name matches but no TC script casts the ID,docs/dungeons/throne-of-the-tides/encounter.md:64
75722,Summon Geyser,Summon Geyser,throne-of-the-tides,lady_nazjar,40586,avoidable,no,none,ground_random_player,,,frost,0,E0=28/A0,boss_lady_nazjar.cpp:45,verified,no,DBC + TC script confirm,docs/dungeons/throne-of-the-tides/encounter.md:192
76001,Fungal Spores,Fungal Spores,throne-of-the-tides,lady_nazjar,40586,avoidable,no,disease,ally_random,,,nature,0,E0=32/A0,boss_lady_nazjar.cpp:46,verified,no,DBC + TC script confirm,docs/dungeons/throne-of-the-tides/encounter.md:205
76001,Fungal Spores,Fungal Spores,throne-of-the-tides,lady_nazjar,40586,dispel,no,disease,ally_random,,,nature,0,E0=32/A0,boss_lady_nazjar.cpp:46,verified,no,DBC + TC script confirm,docs/dungeons/throne-of-the-tides/encounter.md:205
76008,Shock Blast,Shock Blast,throne-of-the-tides,lady_nazjar,40586,interrupt,yes,none,tank,MUST_INTERRUPT,,nature,0,E0=2/A0,boss_lady_nazjar.cpp:72,verified,no,DBC + TC script confirm,docs/dungeons/throne-of-the-tides/encounter.md:218
75683,Waterspout,Waterspout,throne-of-the-tides,lady_nazjar,40586,info,no,none,self,,,frost,0,E2=6/A185 E1=6/A287 E0=6/A23,boss_lady_nazjar.cpp:49,verified,no,DBC + TC script confirm,docs/dungeons/throne-of-the-tides/encounter.md:231
75907,Arc Slash,Arc Slash,throne-of-the-tides,Tainted Sentry,40586,avoidable,no,,frontal_cone,,,physical,262144,E0=31/A0,boss_lady_nazjar.cpp:65,verified,no,DBC + TC script confirm,docs/dungeons/throne-of-the-tides/encounter.md:248
22428,Enrage,Enrage,throne-of-the-tides,Tainted Sentry,40586,dispel,no,enrage_purge,,,,physical,0,E1=6/A61 E0=6/A138,,unbound,no,DBC name matches but no TC script casts the ID,docs/dungeons/throne-of-the-tides/encounter.md:253
103637,Chain Lightning,Chain Lightning,throne-of-the-tides,Tainted Sentry,40586,interrupt,yes,,ally_3_jumps,MUST_INTERRUPT,,nature,0,E0=1/A0,,unbound,no,DBC name matches but no TC script casts the ID,docs/dungeons/throne-of-the-tides/encounter.md:262
75992,Lightning Surge,Lightning Surge,throne-of-the-tides,Tainted Sentry,40586,dispel,no,magic,ally_random,,8,nature,2048,E0=6/A23,boss_lady_nazjar.cpp:69,verified,no,DBC + TC script confirm,docs/dungeons/throne-of-the-tides/encounter.md:269
76026,Squeeze,Squeeze,throne-of-the-tides,commander_ulthok,40765,info,no,none,ally_random_non_tank,,,shadow,0,E1=6/A3 E0=6/A12,boss_commander_ulthok.cpp:53,verified,no,DBC + TC script confirm,docs/dungeons/throne-of-the-tides/encounter.md:311
76047,Dark Fissure,Dark Fissure,throne-of-the-tides,commander_ulthok,40765,avoidable,no,none,ground_in_front_of_boss,,7,shadow,0,E2=28/A0 E1=2/A0 E0=3/A0,boss_commander_ulthok.cpp:50,verified,no,DBC + TC script confirm,docs/dungeons/throne-of-the-tides/encounter.md:324
76094,Curse of Fatigue,Curse of Fatigue,throne-of-the-tides,commander_ulthok,40765,dispel,no,curse,ally_random,HIGH_DISPEL,,shadow,0,E1=6/A193 E0=6/A33,boss_commander_ulthok.cpp:49,verified,no,DBC + TC script confirm,docs/dungeons/throne-of-the-tides/encounter.md:338
76100,Enrage,Enrage,throne-of-the-tides,commander_ulthok,40765,dispel,no,enrage_purge,,,,physical,0,E0=6/A79,boss_commander_ulthok.cpp:48,verified,no,DBC + TC script confirm,docs/dungeons/throne-of-the-tides/encounter.md:350
76165,Emberstrike,Emberstrike,throne-of-the-tides,mindbender_ghursha,40788,dispel,no,magic,tank,,,fire,2048,E1=6/A42 E0=31/A0,,unbound,no,DBC name matches but no TC script casts the ID,docs/dungeons/throne-of-the-tides/encounter.md:401
76170,Magma Splash,Magma Splash,throne-of-the-tides,mindbender_ghursha,40788,avoidable,no,magic,frontal_cone_90deg,,,fire,65536,E1=6/A3 E0=2/A0,,unbound,no,DBC name matches but no TC script casts the ID,docs/dungeons/throne-of-the-tides/encounter.md:410
76170,Magma Splash,Magma Splash,throne-of-the-tides,mindbender_ghursha,40788,dispel,no,magic,frontal_cone_90deg,,,fire,65536,E1=6/A3 E0=2/A0,,unbound,no,DBC name matches but no TC script casts the ID,docs/dungeons/throne-of-the-tides/encounter.md:410
76171,Lava Bolt,Lava Bolt,throne-of-the-tides,mindbender_ghursha,40788,interrupt,yes,,ally_random,MUST_INTERRUPT,,fire,65536,E1=98/A0 E0=2/A0,,unbound,no,DBC name matches but no TC script casts the ID,docs/dungeons/throne-of-the-tides/encounter.md:422
84931,Earth Shards,Earth Shards,throne-of-the-tides,mindbender_ghursha,40788,avoidable,no,,ground_random,,,physical,262144,E0=32/A0,,unbound,no,DBC name matches but no TC script casts the ID,docs/dungeons/throne-of-the-tides/encounter.md:431
76207,Enslave,Enslave,throne-of-the-tides,mindbender_ghursha,40788,info,no,none,ally_random,CRITICAL_DPS_SWITCH,,physical,0,E2=6/A61 E1=6/A6 E0=6/A236,,unbound,no,DBC name matches but no TC script casts the ID,docs/dungeons/throne-of-the-tides/encounter.md:442
76230,Mind Fog,Mind Fog,throne-of-the-tides,mindbender_ghursha,40788,avoidable,no,,ground_radius_10,,,shadow,0,E1=129/A3 E0=129/A60,,unbound,no,DBC name matches but no TC script casts the ID,docs/dungeons/throne-of-the-tides/encounter.md:456
76308,Absorb Magic,Absorb Magic,throne-of-the-tides,mindbender_ghursha,40788,interrupt,yes,magic_offensive,,HIGHEST_DISPEL_OFFENSIVE,,shadow,0,E0=10/A0,,unbound,no,DBC name matches but no TC script casts the ID,docs/dungeons/throne-of-the-tides/encounter.md:466
76308,Absorb Magic,Absorb Magic,throne-of-the-tides,mindbender_ghursha,40788,dispel,yes,magic_offensive,,HIGHEST_DISPEL_OFFENSIVE,,shadow,0,E0=10/A0,,unbound,no,DBC name matches but no TC script casts the ID,docs/dungeons/throne-of-the-tides/encounter.md:466
76339,Unrelenting Agony,Unrelenting Agony,throne-of-the-tides,mindbender_ghursha,40788,info,no,,,,,shadow,0,E0=6/A23,,unbound,no,DBC name matches but no TC script casts the ID,docs/dungeons/throne-of-the-tides/encounter.md:479
83561,Blight of Ozumat,Blight of Ozumat,throne-of-the-tides,ozumat,44566,avoidable,no,,ground_random_player,,10,shadow,0,E0=6/A3,,unbound,no,DBC name matches but no TC script casts the ID,docs/dungeons/throne-of-the-tides/encounter.md:598
83561,Blight of Ozumat,Blight of Ozumat (intensified),throne-of-the-tides,ozumat,44566,info,no,,,,,shadow,0,E0=6/A3,,unbound,no,DBC name matches but no TC script casts the ID,docs/dungeons/throne-of-the-tides/encounter.md:616
83524,Summon Blight of Ozumat,Summon Blight of Ozumat,throne-of-the-tides,ozumat,44566,info,no,,,,,physical,256,E0=28/A0,,unbound,no,DBC name matches but no TC script casts the ID,docs/dungeons/throne-of-the-tides/encounter.md:623
104939,Corrupting Touch,Corrupting Touch,well-of-eternity,perotharn,55085,info,no,none,tank,TANK_HEAL_RAMP,,physical,256,E0=6/A42,,unbound,no,DBC name matches but no TC script casts the ID,docs/dungeons/well-of-eternity/encounter.md:190
108141,Fel Flames,Fel Flames,well-of-eternity,perotharn,55085,avoidable,no,none,ally_random,MOVE_OUT,,physical,0,E1=32/A0 E0=32/A0,,unbound,no,DBC name matches but no TC script casts the ID,docs/dungeons/well-of-eternity/encounter.md:202
105544,Fel Decay,Fel Decay,well-of-eternity,perotharn,55085,dispel,no,shadow,ally_random,HEAL_DECISION,,shadow,2048,E2=64/A0 E1=6/A3 E0=2/A0,,unbound,no,DBC name matches but no TC script casts the ID,docs/dungeons/well-of-eternity/encounter.md:216
104905,Drain Essence,Drain Essence,well-of-eternity,perotharn,55085,info,no,none,pbaoe_self,PHASE_2_TRIGGER_SIGNAL,,shadow,687867904,E2=64/A0 E1=6/A23 E0=6/A60,,unbound,no,DBC name matches but no TC script casts the ID,docs/dungeons/well-of-eternity/encounter.md:232
,,Easy Prey,well-of-eternity,perotharn,55085,info,no,none,detected_player,PHASE_2_FAILURE_SIGNAL,,,,,,placeholder,yes,non-numeric spell_id ('UNVERIFIED'),docs/dungeons/well-of-eternity/encounter.md:247
,,Fel Quickening,well-of-eternity,perotharn,55085,info,no,,,,,,,,,placeholder,yes,non-numeric spell_id ('UNVERIFIED'),docs/dungeons/well-of-eternity/encounter.md:258
105521,Endless Frenzy,Endless Frenzy,well-of-eternity,perotharn,55085,info,no,,self,HEALER_PRESSURE_RAMP,,physical,0,E1=164/A0 E0=6/A79,,unbound,no,DBC name matches but no TC script casts the ID,docs/dungeons/well-of-eternity/encounter.md:265
,,Enfeebled,well-of-eternity,perotharn,55085,info,no,,self,PHASE_3_BUFF_FAVORABLE,,,,,,placeholder,yes,non-numeric spell_id ('UNVERIFIED'),docs/dungeons/well-of-eternity/encounter.md:277
,,Shadowcloak (player buff from Illidan),well-of-eternity,perotharn,55085,info,no,,party,,,,,,,placeholder,yes,non-numeric spell_id ('UNVERIFIED'),docs/dungeons/well-of-eternity/encounter.md:288
,,line_of_sight_detection,well-of-eternity,Felguard / Felhound / Infernal trash,55085,info,no,,any_player_in_LoS_within_range,,,,,,,placeholder,no,"non-numeric spell_id ('105544,')",docs/dungeons/well-of-eternity/encounter.md:331
,,Shroud of Luminosity,well-of-eternity,queen_azshara,54853,info,no,,self,,,,,,,placeholder,yes,non-numeric spell_id ('UNVERIFIED'),docs/dungeons/well-of-eternity/encounter.md:411
103241,Total Obedience,Total Obedience,well-of-eternity,queen_azshara,54853,interrupt,yes,,pbaoe_party,HIGHEST_INTERRUPT_OF_DUNGEON,,physical,536870912,E2=6/A39 E1=6/A296 E0=6/A243,,unbound,no,DBC name matches but no TC script casts the ID,docs/dungeons/well-of-eternity/encounter.md:423
102334,Servant of the Queen,Hand of the Queen / Servant of the Queen,well-of-eternity,queen_azshara,54853,avoidable,no,none,ally_random_non_tank,SWITCH_TARGET_TO_STRINGS,,physical,536871040,E2=6/A40 E1=6/A177 E0=6/A296,,unbound,no,DBC name matches but no TC script casts the ID,docs/dungeons/well-of-eternity/encounter.md:438
,,Arcane Bomb,well-of-eternity,Felguard / Felhound / Infernal trash,54853,avoidable,no,,,MOVE_OUT,,,,,,placeholder,yes,non-numeric spell_id ('UNVERIFIED'),docs/dungeons/well-of-eternity/encounter.md:456
,,Arcane Shock,well-of-eternity,Felguard / Felhound / Infernal trash,54853,avoidable,no,,,,,,,,,placeholder,yes,non-numeric spell_id ('UNVERIFIED'),docs/dungeons/well-of-eternity/encounter.md:462
,,Ice Fling,well-of-eternity,Felguard / Felhound / Infernal trash,54853,info,no,,ally_random,,,,,,,placeholder,yes,non-numeric spell_id ('UNVERIFIED'),docs/dungeons/well-of-eternity/encounter.md:472
,,Coldflame,well-of-eternity,Felguard / Felhound / Infernal trash,54853,avoidable,no,,,,,,,,,placeholder,yes,non-numeric spell_id ('UNVERIFIED'),docs/dungeons/well-of-eternity/encounter.md:478
,,Blades of Ice / Ice Sheets,well-of-eternity,Felguard / Felhound / Infernal trash,54853,avoidable,no,,ally_random,,,,,,,placeholder,yes,non-numeric spell_id ('UNVERIFIED'),docs/dungeons/well-of-eternity/encounter.md:484
,,Fireball,well-of-eternity,Felguard / Felhound / Infernal trash,54853,interrupt,yes,,ally_random,MUST_INTERRUPT,,,,,,placeholder,yes,non-numeric spell_id ('UNVERIFIED'),docs/dungeons/well-of-eternity/encounter.md:494
,,Firebomb,well-of-eternity,Felguard / Felhound / Infernal trash,54853,avoidable,no,,,,,,,,,placeholder,yes,non-numeric spell_id ('UNVERIFIED'),docs/dungeons/well-of-eternity/encounter.md:502
,,Blast Wave,well-of-eternity,Felguard / Felhound / Infernal trash,54853,avoidable,no,,,,,,,,,placeholder,yes,non-numeric spell_id ('UNVERIFIED'),docs/dungeons/well-of-eternity/encounter.md:507
,,Magistrike (sword charge),well-of-eternity,mannoroth_and_varothen,,avoidable,no,,tank + arc_to_2_more,SPREAD_REQUIRED,,,,,,placeholder,yes,non-numeric spell_id ('UNVERIFIED'),docs/dungeons/well-of-eternity/encounter.md:662
,,Charge,well-of-eternity,mannoroth_and_varothen,,avoidable,no,,ally_random,,,,,,,placeholder,yes,non-numeric spell_id ('UNVERIFIED'),docs/dungeons/well-of-eternity/encounter.md:674
,,Throw Glaive,well-of-eternity,mannoroth_and_varothen,,info,no,,ally_random,,,,,,,placeholder,yes,non-numeric spell_id ('UNVERIFIED'),docs/dungeons/well-of-eternity/encounter.md:682
,,Fel Firestorm,well-of-eternity,mannoroth_and_varothen,,avoidable,no,none,ground_random_pattern,MOVEMENT_PRIMARY,,,,,,placeholder,yes,non-numeric spell_id ('UNVERIFIED'),docs/dungeons/well-of-eternity/encounter.md:690
,,Fel Drain,well-of-eternity,mannoroth_and_varothen,,info,no,,varothen,SOFT_ENRAGE_AVOID,,,,,,placeholder,yes,non-numeric spell_id ('UNVERIFIED'),docs/dungeons/well-of-eternity/encounter.md:705
,,Hand of Flame,well-of-eternity,mannoroth_and_varothen,,avoidable,no,,pbaoe_self,,,,,,,placeholder,yes,non-numeric spell_id ('UNVERIFIED'),docs/dungeons/well-of-eternity/encounter.md:716
,,Magistrike Arcs (sword-embedded),well-of-eternity,mannoroth_and_varothen,,info,no,,self,PASSIVE_DAMAGE_SOURCE,,,,,,placeholder,yes,non-numeric spell_id ('UNVERIFIED'),docs/dungeons/well-of-eternity/encounter.md:725
,,Shadow Bolt Volley,well-of-eternity,mannoroth_and_varothen,,info,no,,pbaoe_party,OPPORTUNISTIC_INTERRUPT,,,,,,placeholder,yes,non-numeric spell_id ('UNVERIFIED'),docs/dungeons/well-of-eternity/encounter.md:736
,,Gift of Sargeras (player buff from Illidan),well-of-eternity,mannoroth_and_varothen,,info,no,,party,STACK_TIGHT_FOR_MAX_BENEFIT,,,,,,placeholder,yes,non-numeric spell_id ('UNVERIFIED'),docs/dungeons/well-of-eternity/encounter.md:819
,,demon_wave_target_priority,well-of-eternity,mannoroth_and_varothen,,info,no,,,,,,,,,placeholder,no,"non-numeric spell_id ('105544,')",docs/dungeons/well-of-eternity/encounter.md:953
43622,Static Disruption,Static Disruption,zul-aman,akil_zon,23574,avoidable,no,none,ally_random,SPREAD_POSITIONING,,nature,0,E0=32/A0,boss_akilzon.cpp:48,verified,yes,DBC + TC script confirm,docs/dungeons/zul-aman/encounter.md:194
43648,Electrical Storm,Electrical Storm / Eagle Storm,zul-aman,akil_zon,23574,info,no,none,ally_random_then_pbaoe,GROUP_STACK,,nature,637536256,E2=77/A0 E1=6/A23 E0=6/A297,boss_akilzon.cpp:51,verified,yes,DBC + TC script confirm,docs/dungeons/zul-aman/encounter.md:212
43661,Call Lightning,Call Lightning,zul-aman,akil_zon,23574,interrupt,yes,none,ally_random,MUST_INTERRUPT,,nature,0,E0=2/A0,boss_akilzon.cpp:49,verified,yes,DBC + TC script confirm,docs/dungeons/zul-aman/encounter.md:233
,,Soaring Eagles (add summon),zul-aman,akil_zon,23574,info,no,,platform_perimeter,,,,,,,skipped,no,doc marker SKIPPED-AWAITING-INGAME,docs/dungeons/zul-aman/encounter.md:247
,,Mojo Volley,zul-aman,nalorakk,23576,interrupt,yes,none,pbaoe_random,MUST_INTERRUPT,,,,,,skipped,no,doc marker SKIPPED-AWAITING-INGAME,docs/dungeons/zul-aman/encounter.md:335
,,Brutal Swipe,zul-aman,nalorakk,23576,avoidable,no,none,frontal_cone,,,,,,,skipped,no,doc marker SKIPPED-AWAITING-INGAME,docs/dungeons/zul-aman/encounter.md:349
,,Mangle,zul-aman,nalorakk,23576,info,no,none,tank,,,,,,,skipped,no,doc marker SKIPPED-AWAITING-INGAME,docs/dungeons/zul-aman/encounter.md:362
,,Surge,zul-aman,nalorakk,23576,avoidable,no,none,ally_random,,,,,,,skipped,no,doc marker SKIPPED-AWAITING-INGAME,docs/dungeons/zul-aman/encounter.md:373
,,Lacerating Slash,zul-aman,nalorakk,23576,info,no,none,tank,,,,,,,skipped,no,doc marker SKIPPED-AWAITING-INGAME,docs/dungeons/zul-aman/encounter.md:385
43140,Flame Breath,Flame Breath,zul-aman,jan_alai,23578,avoidable,no,none,frontal_cone,,,fire,65536,E2=2/A0 E1=6/A226 E0=6/A4,boss_janalai.cpp:47,verified,no,DBC + TC script confirm,docs/dungeons/zul-aman/encounter.md:469
42621,Fire Bomb,Fire Bomb,zul-aman,jan_alai,23578,avoidable,no,none,ally_random_position,,,fire,256,E1=6/A12 E0=6/A226,boss_janalai.cpp:52,verified,no,DBC + TC script confirm,docs/dungeons/zul-aman/encounter.md:482
43144,Hatch All Eggs,Hatch All Eggs,zul-aman,jan_alai,23578,info,no,,,PHASE_TRANSITION,,fire,256,E0=3/A0,boss_janalai.cpp:60,verified,yes,DBC + TC script confirm,docs/dungeons/zul-aman/encounter.md:494
,,Summon Hatcher,zul-aman,jan_alai,23578,info,no,,,KILL_ON_SIGHT,,,,,,placeholder,yes,non-numeric spell_id ('UNVERIFIED'),docs/dungeons/zul-aman/encounter.md:504
,,Hatcher's Hatch (channel),zul-aman,jan_alai,23578,interrupt,yes,,egg_pile,MUST_INTERRUPT,,,,,,skipped,no,doc marker SKIPPED-AWAITING-INGAME,docs/dungeons/zul-aman/encounter.md:513
43267,Saber Lash,Saber Lash,zul-aman,halazzi,23577,avoidable,no,none,split_tank_plus_nearest_melee,MELEE_POSITIONING_RULE,,physical,67108864,E0=2/A0,,unbound,yes,DBC name matches but no TC script casts the ID,docs/dungeons/zul-aman/encounter.md:630
,,Frenzy,zul-aman,halazzi,23577,dispel,no,magic,self,SHOULD_DISPEL,,,,,,skipped,no,doc marker SKIPPED-AWAITING-INGAME,docs/dungeons/zul-aman/encounter.md:646
,,Flame Shock (Halazzi),zul-aman,halazzi,23577,dispel,no,magic,ally_random,SHOULD_DISPEL,,,,,,skipped,no,doc marker SKIPPED-AWAITING-INGAME,docs/dungeons/zul-aman/encounter.md:660
,,Lightning Totem,zul-aman,halazzi,23577,info,no,,ground_random,KILL_ON_SIGHT,,,,,,skipped,no,doc marker SKIPPED-AWAITING-INGAME,docs/dungeons/zul-aman/encounter.md:673
,,Lynx Rush,zul-aman,halazzi,23577,info,no,,,,,,,,,placeholder,yes,non-numeric spell_id ('UNVERIFIED'),docs/dungeons/zul-aman/encounter.md:690
,,Soul Drain,zul-aman,hex_lord_malacrass,24239,interrupt,yes,none,ally_random,MUST_INTERRUPT,,,,,,skipped,no,doc marker SKIPPED-AWAITING-INGAME,docs/dungeons/zul-aman/encounter.md:784
43383,Spirit Bolts,Spirit Bolts,zul-aman,hex_lord_malacrass,24239,info,no,none,pbaoe_self,GROUP_HEAL_TRIGGER,,shadow,65536,E0=6/A23,,unbound,yes,DBC name matches but no TC script casts the ID,docs/dungeons/zul-aman/encounter.md:797
24236,Whirlwind,Whirlwind Axe,zul-aman,daakara,23863,avoidable,no,none,pbaoe_self,,,physical,327696,E0=6/A23,,unbound,yes,DBC name matches but no TC script casts the ID,docs/dungeons/zul-aman/encounter.md:924
43093,Grievous Throw,Grievous Throw,zul-aman,daakara,23863,interrupt,yes,none,ally_random,MUST_INTERRUPT,,physical,0,E1=2/A0 E0=6/A3,,unbound,yes,DBC name matches but no TC script casts the ID,docs/dungeons/zul-aman/encounter.md:936
,,Charge (bear),zul-aman,daakara,23863,info,no,,ally_random,,,,,,,skipped,no,doc marker SKIPPED-AWAITING-INGAME,docs/dungeons/zul-aman/encounter.md:950
,,Bear Claw,zul-aman,daakara,23863,info,no,,frontal_cone,,,,,,,skipped,no,doc marker SKIPPED-AWAITING-INGAME,docs/dungeons/zul-aman/encounter.md:959
,,Cyclone (eagle),zul-aman,daakara,23863,info,no,,ally_random_position,,,,,,,skipped,no,doc marker SKIPPED-AWAITING-INGAME,docs/dungeons/zul-aman/encounter.md:969
,,Static Disruption (eagle),zul-aman,daakara,23863,info,no,,ally_random,,,,,,,skipped,no,doc marker SKIPPED-AWAITING-INGAME,docs/dungeons/zul-aman/encounter.md:978
43149,Claw Rage,Claw Rage,zul-aman,daakara,23863,info,no,,tank,TANK_BURST_DEFENSIVE,,physical,256,E0=6/A23,,unbound,yes,DBC name matches but no TC script casts the ID,docs/dungeons/zul-aman/encounter.md:988
43152,Lynx Rush,Lynx Rush,zul-aman,daakara,23863,info,no,,multiple_allies_in_sequence,,,physical,256,E0=3/A0,,unbound,no,DBC name matches but no TC script casts the ID,docs/dungeons/zul-aman/encounter.md:999
43213,Flame Whirl,Flame Whirl,zul-aman,daakara,23863,info,no,,ground_around_boss,,,fire,0,E1=6/A23 E0=6/A23,,unbound,yes,DBC name matches but no TC script casts the ID,docs/dungeons/zul-aman/encounter.md:1009
,,Pillar of Fire,zul-aman,daakara,23863,info,no,,ally_random_position,,,,,,,placeholder,yes,non-numeric spell_id ('UNVERIFIED'),docs/dungeons/zul-aman/encounter.md:1018
96466,Whispers of Hethiss,Whispers of Hethiss,zul-gurub,high_priest_venoxis,52155,interrupt,yes,none,ally_random_non_tank,MUST_INTERRUPT,,nature,0,E1=6/A23 E0=6/A4,boss_high_priest_venoxis.cpp:51,verified,no,DBC + TC script confirm,docs/dungeons/zul-gurub/encounter.md:203
96477,Toxic Link,Toxic Link,zul-gurub,high_priest_venoxis,52155,avoidable,no,none,2_players_paired,GROUP_SPREAD,,nature,536872960,E2=3/A0 E1=6/A23 E0=6/A23,boss_high_priest_venoxis.cpp:53,verified,no,DBC + TC script confirm,docs/dungeons/zul-gurub/encounter.md:220
,,Word of Hethiss,zul-gurub,high_priest_venoxis,52155,avoidable,no,,pbaoe_self,,,,,,,placeholder,yes,non-numeric spell_id ('UNVERIFIED'),docs/dungeons/zul-gurub/encounter.md:235
,,Venomous Effusion (poison maze),zul-gurub,high_priest_venoxis,52155,avoidable,no,,ground_pattern,,,,,,,placeholder,yes,non-numeric spell_id ('UNVERIFIED'),docs/dungeons/zul-gurub/encounter.md:246
,,Pool of Acrid Tears,zul-gurub,high_priest_venoxis,52155,avoidable,no,,ground_at_furthest_player,,,,,,,placeholder,yes,non-numeric spell_id ('UNVERIFIED'),docs/dungeons/zul-gurub/encounter.md:256
,,Breath of Hethiss,zul-gurub,high_priest_venoxis,52155,avoidable,no,,frontal_cone_15y,,,,,,,placeholder,yes,non-numeric spell_id ('UNVERIFIED'),docs/dungeons/zul-gurub/encounter.md:268
,,Blessing of the Snake God (Phase 2 self-buff),zul-gurub,high_priest_venoxis,52155,info,no,,self,,,,,,,placeholder,yes,non-numeric spell_id ('UNVERIFIED'),docs/dungeons/zul-gurub/encounter.md:279
,,Bloodvenom (tendrils),zul-gurub,high_priest_venoxis,52155,avoidable,no,,ground_random,,,,,,,placeholder,yes,non-numeric spell_id ('UNVERIFIED'),docs/dungeons/zul-gurub/encounter.md:288
,,Venom Withdrawal,zul-gurub,high_priest_venoxis,52155,info,no,,self,,,,,,,placeholder,yes,non-numeric spell_id ('UNVERIFIED'),docs/dungeons/zul-gurub/encounter.md:299
,,Poison Cloud (Phase 3 environmental),zul-gurub,high_priest_venoxis,52155,avoidable,no,,altar_stairs,,,,,,,placeholder,yes,non-numeric spell_id ('UNVERIFIED'),docs/dungeons/zul-gurub/encounter.md:308
96684,Decapitate,Decapitate,zul-gurub,bloodlord_mandokir,52151,avoidable,no,none,ally_random_non_tank,SCRIPTED_IMMUNITY_TRIGGER,,physical,0,E2=3/A0 E1=42/A0 E0=2/A0,,unbound,no,DBC name matches but no TC script casts the ID,docs/dungeons/zul-gurub/encounter.md:375
96662,Level Up,Level Up,zul-gurub,bloodlord_mandokir,52151,info,no,,self,,,physical,256,E1=6/A61 E0=6/A79,boss_bloodlord_mandokir.cpp:56,verified,no,DBC + TC script confirm,docs/dungeons/zul-gurub/encounter.md:401
96740,Devastating Slam,Devastating Slam,zul-gurub,bloodlord_mandokir,52151,avoidable,no,,ground_directional_furrow,,,physical,262144,E2=6/A25 E0=98/A0,boss_bloodlord_mandokir.cpp:57,verified,no,DBC + TC script confirm,docs/dungeons/zul-gurub/encounter.md:409
96776,Bloodletting,Bloodletting,zul-gurub,bloodlord_mandokir,52151,dispel,no,magic,ally_random,HEAL_SUPPRESS,,shadow,0,E0=6/A226,boss_bloodlord_mandokir.cpp:52,verified,no,DBC + TC script confirm,docs/dungeons/zul-gurub/encounter.md:421
96800,Frenzy,Frenzy,zul-gurub,bloodlord_mandokir,52151,info,no,,self,,,arcane,262144,E1=6/A61 E0=6/A138,boss_bloodlord_mandokir.cpp:55,verified,no,DBC + TC script confirm,docs/dungeons/zul-gurub/encounter.md:440
96724,Reanimate Ohgan,Reanimate Ohgan,zul-gurub,bloodlord_mandokir,52151,info,no,,ohgan_corpse,,,shadow,0,E1=77/A0 E0=136/A0,boss_bloodlord_mandokir.cpp:50,verified,no,DBC + TC script confirm,docs/dungeons/zul-gurub/encounter.md:449
,,Spirit's Vengeance (revive buff),zul-gurub,bloodlord_mandokir,52151,info,no,,revived_player,,,,,,,placeholder,yes,non-numeric spell_id ('UNVERIFIED'),docs/dungeons/zul-gurub/encounter.md:457
96435,Tears of Blood,Tears of Blood,zul-gurub,high_priestess_kilnara,52059,avoidable,yes,none,pbaoe_self,MUST_INTERRUPT,,shadow,0,E0=6/A23,,unbound,no,DBC name matches but no TC script casts the ID,docs/dungeons/zul-gurub/encounter.md:561
96435,Tears of Blood,Tears of Blood,zul-gurub,high_priestess_kilnara,52059,interrupt,yes,none,pbaoe_self,MUST_INTERRUPT,,shadow,0,E0=6/A23,,unbound,no,DBC name matches but no TC script casts the ID,docs/dungeons/zul-gurub/encounter.md:561
96956,Shadow Bolt,Shadow Bolt,zul-gurub,high_priestess_kilnara,52059,interrupt,yes,none,ally_random,SECONDARY_INTERRUPT,,shadow,65536,E0=2/A0,,unbound,no,DBC name matches but no TC script casts the ID,docs/dungeons/zul-gurub/encounter.md:573
96457,Wave of Agony,Wave of Agony,zul-gurub,high_priestess_kilnara,52059,avoidable,no,,frontal_wave,,,physical,67371264,E1=64/A0 E0=6/A226,boss_high_priestess_kilnara.cpp:52,verified,no,DBC + TC script confirm,docs/dungeons/zul-gurub/encounter.md:585
96948,Wail of Sorrow,Wail of Sorrow,zul-gurub,high_priestess_kilnara,52059,info,no,,ally_random,,,shadow,65536,E0=2/A0,,unbound,no,DBC name matches but no TC script casts the ID,docs/dungeons/zul-gurub/encounter.md:595
96958,Lash of Anguish,Lash of Anguish,zul-gurub,high_priestess_kilnara,52059,dispel,no,magic,ally_random,,,shadow,262160,E2=31/A0 E1=6/A3 E0=96/A0,,unbound,no,DBC name matches but no TC script casts the ID,docs/dungeons/zul-gurub/encounter.md:604
,,Avatar of Bethekk (Phase 2 transform),zul-gurub,high_priestess_kilnara,52059,info,no,,self,,,,,,,placeholder,yes,non-numeric spell_id ('UNVERIFIED'),docs/dungeons/zul-gurub/encounter.md:615
,,Gaping Wound,zul-gurub,high_priestess_kilnara,52059,info,no,,ally_random,,,,,,,placeholder,yes,non-numeric spell_id ('UNVERIFIED'),docs/dungeons/zul-gurub/encounter.md:624
96347,Voodoo Bolt,Voodoo Bolt,zul-gurub,zanzil,52053,interrupt,yes,none,ally_random,MUST_INTERRUPT,,shadow,65536,E0=2/A0,boss_zanzil.cpp:72,verified,no,DBC + TC script confirm,docs/dungeons/zul-gurub/encounter.md:708
96914,Zanzili Fire,Zanzili Fire,zul-gurub,zanzil,52053,avoidable,no,,linear_floor_pattern,,,physical,0,E1=6/A226 E0=3/A0,boss_zanzil.cpp:54,verified,no,DBC + TC script confirm,docs/dungeons/zul-gurub/encounter.md:720
96348,Terrible Tonic,Terrible Tonic,zul-gurub,zanzil,52053,info,no,,ally_random,,,nature,0,E0=2/A0,boss_zanzil.cpp:56,verified,no,DBC + TC script confirm,docs/dungeons/zul-gurub/encounter.md:730
,,Resurrection Elixir (Blue),zul-gurub,zanzil,52053,info,no,,,,,,,,,placeholder,yes,non-numeric spell_id ('UNVERIFIED'),docs/dungeons/zul-gurub/encounter.md:738
,,Resurrection Elixir (Red),zul-gurub,zanzil,52053,info,no,,,,,,,,,placeholder,yes,non-numeric spell_id ('UNVERIFIED'),docs/dungeons/zul-gurub/encounter.md:748
,,Zanzil's Graveyard Gas (Green),zul-gurub,zanzil,52053,info,no,,arena_wide,,,,,,,placeholder,yes,non-numeric spell_id ('UNVERIFIED'),docs/dungeons/zul-gurub/encounter.md:756
97170,Deadzone,Deadzone,zul-gurub,jin_do_the_godbreaker,52148,info,no,,ground_random,SCRIPTED_GROUND_ZONE,,arcane,603979776,E2=64/A0 E1=64/A0 E0=27/A87,boss_jindo_the_godbreaker.cpp:61,verified,no,DBC + TC script confirm,docs/dungeons/zul-gurub/encounter.md:899
97172,Shadows of Hakkar,Shadows of Hakkar,zul-gurub,jin_do_the_godbreaker,52148,avoidable,no,,chain_burst_max_10_targets,GROUP_MOVE_INTO_DEADZONE,,nature+shadow,262144,E0=6/A42,boss_jindo_the_godbreaker.cpp:60,verified,no,DBC + TC script confirm,docs/dungeons/zul-gurub/encounter.md:917
,,Shadow Spike,zul-gurub,jin_do_the_godbreaker,52148,avoidable,no,,ally_random_position,,,,,,,placeholder,yes,non-numeric spell_id ('UNVERIFIED'),docs/dungeons/zul-gurub/encounter.md:930
,,Body Slam (Gurubashi Spirit ability),zul-gurub,jin_do_the_godbreaker,52148,info,no,,ally_random,,,,,,,placeholder,yes,non-numeric spell_id ('UNVERIFIED'),docs/dungeons/zul-gurub/encounter.md:941
,,Sunder Rift (debuff),zul-gurub,jin_do_the_godbreaker,52148,info,no,,hit_target,,,,,,,placeholder,yes,non-numeric spell_id ('UNVERIFIED'),docs/dungeons/zul-gurub/encounter.md:952
,,Brittle Barrier,zul-gurub,jin_do_the_godbreaker,52148,info,no,,chain,,,,,,,placeholder,yes,non-numeric spell_id ('UNVERIFIED'),docs/dungeons/zul-gurub/encounter.md:962
,,Frenzy (Gurubashi Spirit),zul-gurub,jin_do_the_godbreaker,52148,info,no,,self,,,,,,,placeholder,yes,non-numeric spell_id ('UNVERIFIED'),docs/dungeons/zul-gurub/encounter.md:971
