SpellID,Name,SpellLevel,BaseLevel,MaxLevel,ManaCost,ManaCostPct,Cooldown_ms,CategoryCooldown_ms,Duration_ms,Description,AuraDescription
57994,Wind Shear,16,16,0,0,0,15000,0,2000,"Disrupts the target's concentration with a burst of wind, interrupting spellcasting and preventing any spell in that school from being cast for $d.  Also lowers your threat, making the enemy less likely to attack you.",
52127,Water Shield,20,20,0,,,0,0,600000,"The caster is surrounded by $52127n globes of water, granting $52127s2 mana per 5 sec.  When a spell, melee or ranged attack hits the caster, $52128s1 mana is restored to the caster. This expends one water globe.  Only one globe will activate every few seconds.  Lasts $52127d.  Only one Elemental Shield can be active on the Shaman at any one time.",Grants $w2 mana per 5 sec.Attacks against you trigger additional mana restoration.
101033,Resurgence,20,20,0,,,,,,Restores mana to the Shaman following a critical direct heal.,
5394,Healing Stream Totem,20,20,0,0,0,0,0,300000,"Summons a Healing Stream Totem with $s1 health at the feet of the caster for $d that heals party members within $52041A1 yards for ${($5672m1+($SP*0.0827)*$<bonus>)} every $5672t1 seconds$?s55456[, and increases the Fire, Frost, and Nature resistance of party and raid members within $8185a1 yards by ${$cond($lte($PL,70),$PL,$cond($lte($PL,80),$PL+($PL-70)*5,$PL+($PL-70)*5+($PL-80)*7))}][].",
98008,Spirit Link Totem,49,49,0,0,0,180000,0,6000,"Summons a Spirit Link Totem with $s1 health at the feet of the caster. The totem reduces damage taken by all party and raid members within $98007a1 yards by $98007s1%. Every $98017t1 sec, the health of all affected players is redistributed, such that each player ends up with the same percentage of their maximum health. Lasts $d.",
16190,Mana Tide Totem,39,39,0,,,0,180000,12000,Summons a Mana Tide Totem with $16190s2% of the caster's health at the feet of the caster for $16190d.  Party and raid members within $16191a1 yards of the totem gain $16191s1% of the caster's Spirit (excluding short-duration Spirit bonuses).,
16188,Nature's Swiftness,1,0,0,,,0,120000,-1,"When activated, your next Nature spell with a base casting time less than 10 sec. becomes an instant cast spell.",Your next Nature spell with a casting time less than 10 secs will be an instant cast spell.
77472,Greater Healing Wave,68,68,0,0,0,0,0,,Heals a friendly target for $s1.,
61882,Earthquake,1,1,0,0,0,10000,0,10000,"You cause the earth at the target location to tremble and break, dealing ${$77478m1+$SPN*0.11} Physical damage every $t2 sec to enemies in an $a1 yard radius, with a $77478s2% chance of knocking down affected targets. Lasts $d.",Suffering Physical damage every $t2 sec. with a chance to be knocked down.
